id,Title,Description,GroupID,Step,RewardType0,RewardID0,RewardType1,RewardID1,RewardType2,RewardID2,RewardType3,RewardID3,RewardType4,RewardID4,TargetCount,Share,AchieveType,Args,repeat
1,잊지 않겠다!!,처음으로 스테이지 도전 실패,1,1,1,3000,,,,,,,,,1,1,eStageFailed,,0
2,잊지 않겠다!!,스테이지 도전 실패 10회,1,2,1,9000,,,,,,,,,10,1,eStageFailed,,0
3,잊지 않겠다!!,스테이지 도전 실패 50회,1,3,1,27000,,,,,,,,,50,1,eStageFailed,,0
4,잊지 않겠다!!,스테이지 도전 실패 200회,1,4,1,45000,,,,,,,,,200,1,eStageFailed,,0
5,잊지 않겠다!!,스테이지 도전 실패 500회,1,5,1,63000,,,,,,,,,500,1,eStageFailed,,0
6,아직 끝나지 않았다!!,부활 사용 1회,2,1,2,5,,,,,,,,,1,1,eRevival,,0
7,아직 끝나지 않았다!!,부활 사용 10회,2,2,2,10,,,,,,,,,10,1,eRevival,,0
8,아직 끝나지 않았다!!,부활 사용 50회,2,3,2,20,,,,,,,,,50,1,eRevival,,0
9,아직 끝나지 않았다!!,부활 사용 200회,2,4,2,50,,,,,,,,,200,1,eRevival,,0
10,아직 끝나지 않았다!!,부활 사용 500회,2,5,2,100,,,,,,,,,500,1,eRevival,,0
11,고마워해도 괜찮아!!,포로 구출 10회,3,1,2,1,,,,,,,,,10,1,eRescurePrisoner,,0
12,고마워해도 괜찮아!!,포로 구출 50회,3,2,2,2,,,,,,,,,50,1,eRescurePrisoner,,0
13,고마워해도 괜찮아!!,포로 구출 250회,3,3,2,5,,,,,,,,,250,1,eRescurePrisoner,,0
14,고마워해도 괜찮아!!,포로 구출 1000회,3,4,2,10,,,,,,,,,1000,1,eRescurePrisoner,,0
15,고마워해도 괜찮아!!,포로 구출 2500회,3,5,2,25,,,,,,,,,2500,1,eRescurePrisoner,,0
16,내 힘을 느껴보아라!!,레벨업 - 2레벨 달성,4,1,2,1,,,,,,,,,2,0,eLevelUp,,0
17,내 힘을 느껴보아라!!,레벨업 - 3레벨 달성,4,2,2,1,,,,,,,,,3,0,eLevelUp,,0
18,내 힘을 느껴보아라!!,레벨업 - 4레벨 달성,4,3,2,1,,,,,,,,,4,0,eLevelUp,,0
19,내 힘을 느껴보아라!!,레벨업 - 5레벨 달성,4,4,2,1,,,,,,,,,5,0,eLevelUp,,0
20,내 힘을 느껴보아라!!,레벨업 - 6레벨 달성,4,5,2,1,,,,,,,,,6,0,eLevelUp,,0
21,내 힘을 느껴보아라!!,레벨업 - 7레벨 달성,4,6,2,1,,,,,,,,,7,0,eLevelUp,,0
22,내 힘을 느껴보아라!!,레벨업 - 8레벨 달성,4,7,2,1,,,,,,,,,8,0,eLevelUp,,0
23,내 힘을 느껴보아라!!,레벨업 - 9레벨 달성,4,8,2,1,,,,,,,,,9,0,eLevelUp,,0
24,내 힘을 느껴보아라!!,레벨업 - 10레벨 달성,4,9,2,1,,,,,,,,,10,0,eLevelUp,,0
25,내 힘을 느껴보아라!!,레벨업 - 11레벨 달성,4,10,2,1,,,,,,,,,11,0,eLevelUp,,0
26,내 힘을 느껴보아라!!,레벨업 - 12레벨 달성,4,11,2,1,,,,,,,,,12,0,eLevelUp,,0
27,내 힘을 느껴보아라!!,레벨업 - 13레벨 달성,4,12,2,1,,,,,,,,,13,0,eLevelUp,,0
28,내 힘을 느껴보아라!!,레벨업 - 14레벨 달성,4,13,2,1,,,,,,,,,14,0,eLevelUp,,0
29,내 힘을 느껴보아라!!,레벨업 - 15레벨 달성,4,14,2,1,,,,,,,,,15,0,eLevelUp,,0
30,내 힘을 느껴보아라!!,레벨업 - 16레벨 달성,4,15,2,1,,,,,,,,,16,0,eLevelUp,,0
31,내 힘을 느껴보아라!!,레벨업 - 17레벨 달성,4,16,2,1,,,,,,,,,17,0,eLevelUp,,0
32,내 힘을 느껴보아라!!,레벨업 - 18레벨 달성,4,17,2,1,,,,,,,,,18,0,eLevelUp,,0
33,내 힘을 느껴보아라!!,레벨업 - 19레벨 달성,4,18,2,1,,,,,,,,,19,0,eLevelUp,,0
34,내 힘을 느껴보아라!!,레벨업 - 20레벨 달성,4,19,2,1,,,,,,,,,20,0,eLevelUp,,0
35,내 힘을 느껴보아라!!,레벨업 - 21레벨 달성,4,20,2,1,,,,,,,,,21,0,eLevelUp,,0
36,내 힘을 느껴보아라!!,레벨업 - 22레벨 달성,4,21,2,1,,,,,,,,,22,0,eLevelUp,,0
37,내 힘을 느껴보아라!!,레벨업 - 23레벨 달성,4,22,2,1,,,,,,,,,23,0,eLevelUp,,0
38,내 힘을 느껴보아라!!,레벨업 - 24레벨 달성,4,23,2,1,,,,,,,,,24,0,eLevelUp,,0
39,내 힘을 느껴보아라!!,레벨업 - 25레벨 달성,4,24,2,1,,,,,,,,,25,0,eLevelUp,,0
40,내 힘을 느껴보아라!!,레벨업 - 26레벨 달성,4,25,2,1,,,,,,,,,26,0,eLevelUp,,0
41,내 힘을 느껴보아라!!,레벨업 - 27레벨 달성,4,26,2,1,,,,,,,,,27,0,eLevelUp,,0
42,내 힘을 느껴보아라!!,레벨업 - 28레벨 달성,4,27,2,1,,,,,,,,,28,0,eLevelUp,,0
43,내 힘을 느껴보아라!!,레벨업 - 29레벨 달성,4,28,2,1,,,,,,,,,29,0,eLevelUp,,0
44,내 힘을 느껴보아라!!,레벨업 - 30레벨 달성,4,29,2,1,,,,,,,,,30,0,eLevelUp,,0
45,내 힘을 느껴보아라!!,레벨업 - 31레벨 달성,4,30,2,1,,,,,,,,,31,0,eLevelUp,,0
46,내 힘을 느껴보아라!!,레벨업 - 32레벨 달성,4,31,2,1,,,,,,,,,32,0,eLevelUp,,0
47,내 힘을 느껴보아라!!,레벨업 - 33레벨 달성,4,32,2,1,,,,,,,,,33,0,eLevelUp,,0
48,내 힘을 느껴보아라!!,레벨업 - 34레벨 달성,4,33,2,1,,,,,,,,,34,0,eLevelUp,,0
49,내 힘을 느껴보아라!!,레벨업 - 35레벨 달성,4,34,2,1,,,,,,,,,35,0,eLevelUp,,0
50,내 힘을 느껴보아라!!,레벨업 - 36레벨 달성,4,35,2,1,,,,,,,,,36,0,eLevelUp,,0
51,내 힘을 느껴보아라!!,레벨업 - 37레벨 달성,4,36,2,1,,,,,,,,,37,0,eLevelUp,,0
52,내 힘을 느껴보아라!!,레벨업 - 38레벨 달성,4,37,2,1,,,,,,,,,38,0,eLevelUp,,0
53,내 힘을 느껴보아라!!,레벨업 - 39레벨 달성,4,38,2,1,,,,,,,,,39,0,eLevelUp,,0
54,내 힘을 느껴보아라!!,레벨업 - 40레벨 달성,4,39,2,1,,,,,,,,,40,0,eLevelUp,,0
55,이게 좋아 보인다!!,처음으로 특성 포인트를 투자,5,1,2,1,,,,,,,,,1,1,eUseSkillPoint,,0
56,이거야! 이거!!,처음으로 액티브 스킬 습득,6,1,2,2,,,,,,,,,1,1,eActiveSkill,,0
57,새로운 기분으로!,첫 특성 초기화,7,1,2,5,,,,,,,,,1,1,eResetSkillPoint,,0
58,새로운 기분으로!,특성 초기화 5회,7,2,2,10,,,,,,,,,5,1,eResetSkillPoint,,0
59,새로운 기분으로!,특성 초기화 20회,7,3,2,20,,,,,,,,,20,1,eResetSkillPoint,,0
60,새로운 기분으로!,특성 초기화 50회,7,4,2,50,,,,,,,,,50,1,eResetSkillPoint,,0
61,새로운 기분으로!,특성 초기화 100회,7,5,2,100,,,,,,,,,100,1,eResetSkillPoint,,0
62,근데.. 공주님은?,일반 : 라이오넷 왕국 클리어,8,1,2,5,,,,,,,,,20,0,eStageClear,"0,1,2,3,4,5,6,7,8,9,10,11,12,13,14,15,16,17,18,19,20",0
63,아하하하!! 아하하!!!,일반 : 바르스 왕국 클리어,9,1,2,5,,,,,,,,,20,0,eStageClear,"0,21,22,23,24,25,26,27,28,29,30,31,32,33,34,35,36,37,38,39,40",0
64,아!! 맞다!! 공주님!!,일반 : 메디가르 왕국 클리어,10,1,2,5,,,,,,,,,20,0,eStageClear,"0,41,42,43,44,45,46,47,48,49,50,51,52,53,54,55,56,57,58,59,60",0
65,공.. 주.. 님?,일반 : 프레스터 왕국 클리어,11,1,2,5,,,,,,,,,20,0,eStageClear,"0,61,62,63,64,65,66,67,68,69,70,71,72,73,74,75,76,77,78,79,80",0
66,뭔가 할일이 있었는데?,하드 : 라이오넷 왕국 클리어,12,1,2,10,,,,,,,,,20,0,eStageClear,"1,1,2,3,4,5,6,7,8,9,10,11,12,13,14,15,16,17,18,19,20",0
67,근데..여기 왜 왔더라??,하드 : 바르스 왕국 클리어,13,1,2,10,,,,,,,,,20,0,eStageClear,"1,21,22,23,24,25,26,27,28,29,30,31,32,33,34,35,36,37,38,39,40",0
68,뭔가 잊은 것 같은데?,하드 : 메디가르 왕국 클리어,14,1,2,10,,,,,,,,,20,0,eStageClear,"1,41,42,43,44,45,46,47,48,49,50,51,52,53,54,55,56,57,58,59,60",0
69,아놔!! 공주님!!,하드 : 프레스터 왕국 클리어,15,1,2,10,,,,,,,,,20,0,eStageClear,"1,61,62,63,64,65,66,67,68,69,70,71,72,73,74,75,76,77,78,79,80",0
74,강해지고 있는거지?,첫 아이템 강화,16,1,2,1,,,,,,,,,1,1,eReinforceItem,,0
75,강해지고 있는거지?,아이템 강화 10회,16,2,2,2,,,,,,,,,10,1,eReinforceItem,,0
76,강해지고 있는거지?,아이템 강화 50회,16,3,2,3,,,,,,,,,50,1,eReinforceItem,,0
77,강해지고 있는거지?,아이템 강화 100회,16,4,2,4,,,,,,,,,100,1,eReinforceItem,,0
78,강해지고 있는거지?,아이템 강화 500회,16,5,2,5,,,,,,,,,500,1,eReinforceItem,,0
79,아싸!! 됐어!! 됐다고!!,처음으로 아이템 합성 성공,17,1,2,1,,,,,,,,,1,1,eCompositionSuccess,,0
80,아싸!! 됐어!! 됐다고!!,아이템 합성 성공 5회,17,2,2,2,,,,,,,,,5,1,eCompositionSuccess,,0
81,아싸!! 됐어!! 됐다고!!,아이템 합성 성공 20회,17,3,2,5,,,,,,,,,20,1,eCompositionSuccess,,0
82,아싸!! 됐어!! 됐다고!!,아이템 합성 성공 50회,17,4,2,10,,,,,,,,,50,1,eCompositionSuccess,,0
83,아싸!! 됐어!! 됐다고!!,아이템 합성 성공 100회,17,5,2,20,,,,,,,,,100,1,eCompositionSuccess,,0
84,아..뭐야!! 이거 뭐야!!,아이템 합성 실패 1회,18,1,1,2000,,,,,,,,,1,1,eCompositionFail,,0
85,아..뭐야!! 이거 뭐야!!,아이템 합성 실패 5회,18,2,1,5000,,,,,,,,,5,1,eCompositionFail,,0
86,아..뭐야!! 이거 뭐야!!,아이템 합성 실패 20회,18,3,1,15000,,,,,,,,,20,1,eCompositionFail,,0
87,아..뭐야!! 이거 뭐야!!,아이템 합성 실패 50회,18,4,1,45000,,,,,,,,,50,1,eCompositionFail,,0
88,아..뭐야!! 이거 뭐야!!,아이템 합성 실패 100회,18,5,1,180000,,,,,,,,,100,1,eCompositionFail,,0
89,조..좋은 걸 얻었다!!,처음으로 전설 아이템 획득,19,1,2,1,,,,,,,,,1,1,eGetBestItem,,0
90,조..좋은 걸 얻었다!!,전설 아이템 5개 획득,19,2,2,2,,,,,,,,,5,1,eGetBestItem,,0
91,조..좋은 걸 얻었다!!,전설 아이템 20개 획득,19,3,2,3,,,,,,,,,20,1,eGetBestItem,,0
92,조..좋은 걸 얻었다!!,전설 아이템 50개 획득,19,4,2,4,,,,,,,,,50,1,eGetBestItem,,0
93,조..좋은 걸 얻었다!!,전설 아이템 100개 획득,19,5,2,5,,,,,,,,,100,1,eGetBestItem,,0
94,오~ 빛이 난다! 빛이나!!,아이템을 최고 단계까지\n강화/합성하기 1회,20,1,2,2,,,,,,,,,1,1,eUpgradeToLimit,,0
95,오~ 빛이 난다! 빛이나!!,아이템을 최고 단계까지\n강화/합성하기 5회,20,2,2,5,,,,,,,,,5,1,eUpgradeToLimit,,0
96,오~ 빛이 난다! 빛이나!!,아이템을 최고 단계까지\n강화/합성하기 20회,20,3,2,10,,,,,,,,,20,1,eUpgradeToLimit,,0
97,오~ 빛이 난다! 빛이나!!,아이템을 최고 단계까지\n강화/합성하기 50회,20,4,2,20,,,,,,,,,50,1,eUpgradeToLimit,,0
98,오~ 빛이 난다! 빛이나!!,아이템을 최고 단계까지\n강화/합성하기 100회,20,5,2,50,,,,,,,,,100,1,eUpgradeToLimit,,0
99,쉿! 이건 비밀이야!!,처음으로 암흑 상점에서\n아이템 구입,21,1,1,1500,,,,,,,,,1,1,eUseGamble,,0
100,쉿! 이건 비밀이야!!,암흑 상점에서 아이템구입\n5회,21,2,1,3750,,,,,,,,,5,1,eUseGamble,,0
101,쉿! 이건 비밀이야!!,암흑 상점에서 아이템구입\n20회,21,3,1,11250,,,,,,,,,20,1,eUseGamble,,0
102,쉿! 이건 비밀이야!!,암흑 상점에서 아이템구입\n50회,21,4,1,33750,,,,,,,,,50,1,eUseGamble,,0
103,쉿! 이건 비밀이야!!,암흑 상점에서 아이템구입\n100회,21,5,1,135000,,,,,,,,,100,1,eUseGamble,,0
104,더 좋은걸 보여달라고!!,암흑 상점에서 즉시 갱신 사용\n1회,22,1,1,1500,,,,,,,,,1,1,eUpdateGamble,,0
105,더 좋은걸 보여달라고!!,암흑 상점에서 즉시 갱신 사용\n5회,22,2,1,3750,,,,,,,,,5,1,eUpdateGamble,,0
106,더 좋은걸 보여달라고!!,암흑 상점에서 즉시 갱신 사용\n20회,22,3,1,11250,,,,,,,,,20,1,eUpdateGamble,,0
107,더 좋은걸 보여달라고!!,암흑 상점에서 즉시 갱신 사용\n50회,22,4,1,33750,,,,,,,,,50,1,eUpdateGamble,,0
108,더 좋은걸 보여달라고!!,암흑 상점에서 즉시 갱신 사용\n100회,22,5,1,135000,,,,,,,,,100,1,eUpdateGamble,,0
109,이걸 한번 사 보자!,장비 상점에서 아이템 첫 구매,23,1,2,1,,,,,,,,,1,1,eBuyItem,,0
110,이걸 한번 사 보자!,장비 상점에서 구매\n5회,23,2,2,2,,,,,,,,,5,1,eBuyItem,,0
111,이걸 한번 사 보자!,장비 상점에서 구매\n20회,23,3,2,3,,,,,,,,,20,1,eBuyItem,,0
112,이걸 한번 사 보자!,장비 상점에서 구매\n50회,23,4,2,4,,,,,,,,,50,1,eBuyItem,,0
113,이걸 한번 사 보자!,장비 상점에서 구매\n100회,23,5,2,5,,,,,,,,,100,1,eBuyItem,,0
114,이건 필요 없어.,첫 번째 아이템 판매,24,1,1,1000,,,,,,,,,1,1,eSellItem,,0
115,이건 필요 없어.,아이템 판매 30회,24,2,1,2500,,,,,,,,,30,1,eSellItem,,0
116,이건 필요 없어.,아이템 판매 200회,24,3,1,7500,,,,,,,,,200,1,eSellItem,,0
117,이건 필요 없어.,아이템 판매 500회,24,4,1,22500,,,,,,,,,500,1,eSellItem,,0
118,이건 필요 없어.,아이템 판매 1000회,24,5,1,90000,,,,,,,,,1000,1,eSellItem,,0
119,확장자!!,인벤토리 확장 1회,25,1,1,1000,,,,,,,,,1,1,eExpandItemSlot,,0
120,확장자!!,인벤토리 추가 확장 2회,25,2,1,2500,,,,,,,,,2,1,eExpandItemSlot,,0
121,확장자!!,인벤토리 추가 확장 2회,25,3,1,7500,,,,,,,,,2,1,eExpandItemSlot,,0
122,확장자!!,인벤토리 추가 확장 2회,25,4,1,22500,,,,,,,,,2,1,eExpandItemSlot,,0
123,확장자!!,인벤토리 추가 확장 2회,25,5,1,90000,,,,,,,,,2,1,eExpandItemSlot,,0
124,과거 종결자!!,디펜스 모드 48까지 클리어,26,1,2,2,,,,,,,,,1,1,eDefenceComplete,,0
125,과거 종결자!!,디펜스 모드 48까지 클리어\n5회,26,2,2,5,,,,,,,,,5,1,eDefenceComplete,,0
126,과거 종결자!!,디펜스 모드 48까지 클리어\n20회,26,3,2,10,,,,,,,,,20,1,eDefenceComplete,,0
127,과거 종결자!!,디펜스 모드 48까지 클리어\n50회,26,4,3,92002,,,,,,,,,50,1,eDefenceComplete,,0
128,과거 종결자!!,디펜스 모드 48까지 클리어\n100회,26,5,3,93002,,,,,,,,,100,1,eDefenceComplete,,0
129,약해 빠졌어!!,일반 : 보병 처치,27,1,1,1000,,,,,,,,,20,1,eKillMonster,"0,101,111,201,211,301,311,401,411",0
130,약해 빠졌어!!,일반 : 보병 처치,27,2,1,2500,,,,,,,,,100,1,eKillMonster,"0,101,111,201,211,301,311,401,411",0
131,약해 빠졌어!!,일반 : 보병 처치,27,3,1,7500,,,,,,,,,500,1,eKillMonster,"0,101,111,201,211,301,311,401,411",0
132,약해 빠졌어!!,일반 : 보병 처치,27,4,1,22500,,,,,,,,,2000,1,eKillMonster,"0,101,111,201,211,301,311,401,411",0
133,약해 빠졌어!!,일반 : 보병 처치,27,5,1,90000,,,,,,,,,5000,1,eKillMonster,"0,101,111,201,211,301,311,401,411",0
134,더 막아봐!! 막아보라구!!,일반 : 수호병 처치,28,1,1,1500,,,,,,,,,20,1,eKillMonster,"0,102,112,202,212,302,312",0
135,더 막아봐!! 막아보라구!!,일반 : 수호병 처치,28,2,1,3750,,,,,,,,,100,1,eKillMonster,"0,102,112,202,212,302,312",0
136,더 막아봐!! 막아보라구!!,일반 : 수호병 처치,28,3,1,11250,,,,,,,,,500,1,eKillMonster,"0,102,112,202,212,302,312",0
137,더 막아봐!! 막아보라구!!,일반 : 수호병 처치,28,4,1,33750,,,,,,,,,2000,1,eKillMonster,"0,102,112,202,212,302,312",0
138,더 막아봐!! 막아보라구!!,일반 : 수호병 처치,28,5,1,135000,,,,,,,,,5000,1,eKillMonster,"0,102,112,202,212,302,312",0
139,저리가! 이 뚱땡아!!,일반 : 광전사 처치,29,1,1,1800,,,,,,,,,20,1,eKillMonster,"0,103,113,203,213,403,413",0
140,저리가! 이 뚱땡아!!,일반 : 광전사 처치,29,2,1,4500,,,,,,,,,100,1,eKillMonster,"0,103,113,203,213,403,413",0
141,저리가! 이 뚱땡아!!,일반 : 광전사 처치,29,3,1,13500,,,,,,,,,500,1,eKillMonster,"0,103,113,203,213,403,413",0
142,저리가! 이 뚱땡아!!,일반 : 광전사 처치,29,4,1,40500,,,,,,,,,2000,1,eKillMonster,"0,103,113,203,213,403,413",0
143,저리가! 이 뚱땡아!!,일반 : 광전사 처치,29,5,1,162000,,,,,,,,,5000,1,eKillMonster,"0,103,113,203,213,403,413",0
144,그만좀 찔러!!,일반 : 창병 처치,30,1,1,1500,,,,,,,,,20,1,eKillMonster,"0,104,114,204,214,304,314,404,414",0
145,그만좀 찔러!!,일반 : 창병 처치,30,2,1,3750,,,,,,,,,100,1,eKillMonster,"0,104,114,204,214,304,314,404,414",0
146,그만좀 찔러!!,일반 : 창병 처치,30,3,1,11250,,,,,,,,,500,1,eKillMonster,"0,104,114,204,214,304,314,404,414",0
147,그만좀 찔러!!,일반 : 창병 처치,30,4,1,33750,,,,,,,,,2000,1,eKillMonster,"0,104,114,204,214,304,314,404,414",0
148,그만좀 찔러!!,일반 : 창병 처치,30,5,1,135000,,,,,,,,,5000,1,eKillMonster,"0,104,114,204,214,304,314,404,414",0
149,스치듯 안녕이다.,일반 : 궁수 처치,31,1,1,1200,,,,,,,,,20,1,eKillMonster,"0,105,115,205,215,305,315,405,415",0
150,스치듯 안녕이다.,일반 : 궁수 처치,31,2,1,3000,,,,,,,,,100,1,eKillMonster,"0,105,115,205,215,305,315,405,415",0
151,스치듯 안녕이다.,일반 : 궁수 처치,31,3,1,9000,,,,,,,,,500,1,eKillMonster,"0,105,115,205,215,305,315,405,415",0
152,스치듯 안녕이다.,일반 : 궁수 처치,31,4,1,27000,,,,,,,,,2000,1,eKillMonster,"0,105,115,205,215,305,315,405,415",0
153,스치듯 안녕이다.,일반 : 궁수 처치,31,5,1,108000,,,,,,,,,5000,1,eKillMonster,"0,105,115,205,215,305,315,405,415",0
154,또 피했어! 요녀석!!,일반 : 암살자 처치,32,1,1,1500,,,,,,,,,20,1,eKillMonster,"0,106,116,206,216,306,316,406,416",0
155,또 피했어! 요녀석!!,일반 : 암살자 처치,32,2,1,3750,,,,,,,,,100,1,eKillMonster,"0,106,116,206,216,306,316,406,416",0
156,또 피했어! 요녀석!!,일반 : 암살자 처치,32,3,1,11250,,,,,,,,,500,1,eKillMonster,"0,106,116,206,216,306,316,406,416",0
157,또 피했어! 요녀석!!,일반 : 암살자 처치,32,4,1,33750,,,,,,,,,2000,1,eKillMonster,"0,106,116,206,216,306,316,406,416",0
158,또 피했어! 요녀석!!,일반 : 암살자 처치,32,5,1,135000,,,,,,,,,5000,1,eKillMonster,"0,106,116,206,216,306,316,406,416",0
159,귀찮은 녀석!!,일반 : 사제 처치,33,1,1,1800,,,,,,,,,20,1,eKillMonster,"0,207,217,307,317",0
160,귀찮은 녀석!!,일반 : 사제 처치,33,2,1,4500,,,,,,,,,100,1,eKillMonster,"0,207,217,307,317",0
161,귀찮은 녀석!!,일반 : 사제 처치,33,3,1,13500,,,,,,,,,500,1,eKillMonster,"0,207,217,307,317",0
162,귀찮은 녀석!!,일반 : 사제 처치,33,4,1,40500,,,,,,,,,2000,1,eKillMonster,"0,207,217,307,317",0
163,귀찮은 녀석!!,일반 : 사제 처치,33,5,1,162000,,,,,,,,,5000,1,eKillMonster,"0,207,217,307,317",0
164,뜨겁잖아!!!,일반 : 마법사 처치,34,1,1,1800,,,,,,,,,20,1,eKillMonster,"0,208,218,308,318,408,418",0
165,뜨겁잖아!!!,일반 : 마법사 처치,34,2,1,4500,,,,,,,,,100,1,eKillMonster,"0,208,218,308,318,408,418",0
166,뜨겁잖아!!!,일반 : 마법사 처치,34,3,1,13500,,,,,,,,,500,1,eKillMonster,"0,208,218,308,318,408,418",0
167,뜨겁잖아!!!,일반 : 마법사 처치,34,4,1,40500,,,,,,,,,2000,1,eKillMonster,"0,208,218,308,318,408,418",0
168,뜨겁잖아!!!,일반 : 마법사 처치,34,5,1,162000,,,,,,,,,5000,1,eKillMonster,"0,208,218,308,318,408,418",0
169,그 갑옷 무겁지 않아?!,일반 : 성기사 처치,35,1,1,2000,,,,,,,,,20,1,eKillMonster,"0,409,419",0
170,그 갑옷 무겁지 않아?!,일반 : 성기사 처치,35,2,1,5000,,,,,,,,,100,1,eKillMonster,"0,409,419",0
171,그 갑옷 무겁지 않아?!,일반 : 성기사 처치,35,3,1,15000,,,,,,,,,500,1,eKillMonster,"0,409,419",0
172,그 갑옷 무겁지 않아?!,일반 : 성기사 처치,35,4,1,45000,,,,,,,,,2000,1,eKillMonster,"0,409,419",0
173,그 갑옷 무겁지 않아?!,일반 : 성기사 처치,35,5,1,180000,,,,,,,,,5000,1,eKillMonster,"0,409,419",0
174,사뿐히 즈려밟고~,일반 : 애꾸눈 오르카 처치,36,1,1,3000,,,,,,,,,5,1,eKillMonster,"0,181",0
175,사뿐히 즈려밟고~,일반 : 애꾸눈 오르카 처치,36,2,1,7500,,,,,,,,,20,1,eKillMonster,"0,181",0
176,사뿐히 즈려밟고~,일반 : 애꾸눈 오르카 처치,36,3,1,22500,,,,,,,,,60,1,eKillMonster,"0,181",0
177,사뿐히 즈려밟고~,일반 : 애꾸눈 오르카 처치,36,4,1,67500,,,,,,,,,150,1,eKillMonster,"0,181",0
178,사뿐히 즈려밟고~,일반 : 애꾸눈 오르카 처치,36,5,1,270000,,,,,,,,,300,1,eKillMonster,"0,181",0
179,멧돼지 사냥!!,일반 : 미친 왕 앵그바론 처치,37,1,1,4500,,,,,,,,,5,1,eKillMonster,"0,182",0
180,멧돼지 사냥!!,일반 : 미친 왕 앵그바론 처치,37,2,1,11250,,,,,,,,,20,1,eKillMonster,"0,182",0
181,멧돼지 사냥!!,일반 : 미친 왕 앵그바론 처치,37,3,1,33750,,,,,,,,,60,1,eKillMonster,"0,182",0
182,멧돼지 사냥!!,일반 : 미친 왕 앵그바론 처치,37,4,1,101250,,,,,,,,,150,1,eKillMonster,"0,182",0
183,멧돼지 사냥!!,일반 : 미친 왕 앵그바론 처치,37,5,1,405000,,,,,,,,,300,1,eKillMonster,"0,182",0
184,니가 제일 싫어!!,일반 : 얍삽한 루미 처치,38,1,1,4500,,,,,,,,,5,1,eKillMonster,"0,281",0
185,니가 제일 싫어!!,일반 : 얍삽한 루미 처치,38,2,1,11250,,,,,,,,,20,1,eKillMonster,"0,281",0
186,니가 제일 싫어!!,일반 : 얍삽한 루미 처치,38,3,1,33750,,,,,,,,,60,1,eKillMonster,"0,281",0
187,니가 제일 싫어!!,일반 : 얍삽한 루미 처치,38,4,1,101250,,,,,,,,,150,1,eKillMonster,"0,281",0
188,니가 제일 싫어!!,일반 : 얍삽한 루미 처치,38,5,1,405000,,,,,,,,,300,1,eKillMonster,"0,281",0
189,쥐방울 녀석이!!!,일반 : 대사제 피오나 처치,39,1,1,6000,,,,,,,,,5,1,eKillMonster,"0,282",0
190,쥐방울 녀석이!!!,일반 : 대사제 피오나 처치,39,2,1,15000,,,,,,,,,20,1,eKillMonster,"0,282",0
191,쥐방울 녀석이!!!,일반 : 대사제 피오나 처치,39,3,1,45000,,,,,,,,,60,1,eKillMonster,"0,282",0
192,쥐방울 녀석이!!!,일반 : 대사제 피오나 처치,39,4,1,135000,,,,,,,,,150,1,eKillMonster,"0,282",0
193,쥐방울 녀석이!!!,일반 : 대사제 피오나 처치,39,5,1,540000,,,,,,,,,300,1,eKillMonster,"0,282",0
194,두 얼간이들!!,일반 : 토카타와 푸가 처치,40,1,1,6000,,,,,,,,,5,1,eKillMonster,"0,381",0
195,두 얼간이들!!,일반 : 토카타와 푸가 처치,40,2,1,15000,,,,,,,,,20,1,eKillMonster,"0,381",0
196,두 얼간이들!!,일반 : 토카타와 푸가 처치,40,3,1,45000,,,,,,,,,60,1,eKillMonster,"0,381",0
197,두 얼간이들!!,일반 : 토카타와 푸가 처치,40,4,1,135000,,,,,,,,,150,1,eKillMonster,"0,381",0
198,두 얼간이들!!,일반 : 토카타와 푸가 처치,40,5,1,540000,,,,,,,,,300,1,eKillMonster,"0,381",0
199,불장난 좀 그만해!!,일반 : 불의 지배자 아그타 처치,41,1,1,7500,,,,,,,,,5,1,eKillMonster,"0,382",0
200,불장난 좀 그만해!!,일반 : 불의 지배자 아그타 처치,41,2,1,18750,,,,,,,,,20,1,eKillMonster,"0,382",0
201,불장난 좀 그만해!!,일반 : 불의 지배자 아그타 처치,41,3,1,56250,,,,,,,,,60,1,eKillMonster,"0,382",0
202,불장난 좀 그만해!!,일반 : 불의 지배자 아그타 처치,41,4,1,168750,,,,,,,,,150,1,eKillMonster,"0,382",0
203,불장난 좀 그만해!!,일반 : 불의 지배자 아그타 처치,41,5,1,675000,,,,,,,,,300,1,eKillMonster,"0,382",0
204,후~ 뭐야 대체 이녀석!!,일반 : 성기사단장 람스타르 처치,42,1,1,7500,,,,,,,,,5,1,eKillMonster,"0,481",0
205,후~ 뭐야 대체 이녀석!!,일반 : 성기사단장 람스타르 처치,42,2,1,18750,,,,,,,,,20,1,eKillMonster,"0,481",0
206,후~ 뭐야 대체 이녀석!!,일반 : 성기사단장 람스타르 처치,42,3,1,56250,,,,,,,,,60,1,eKillMonster,"0,481",0
207,후~ 뭐야 대체 이녀석!!,일반 : 성기사단장 람스타르 처치,42,4,1,168750,,,,,,,,,150,1,eKillMonster,"0,481",0
208,후~ 뭐야 대체 이녀석!!,일반 : 성기사단장 람스타르 처치,42,5,1,675000,,,,,,,,,300,1,eKillMonster,"0,481",0
209,악마!! 악마라니?!,일반 : 악마 바하무디 처치,43,1,1,9000,,,,,,,,,5,1,eKillMonster,"0,483",0
210,악마!! 악마라니?!,일반 : 악마 바하무디 처치,43,2,1,22500,,,,,,,,,20,1,eKillMonster,"0,483",0
211,악마!! 악마라니?!,일반 : 악마 바하무디 처치,43,3,1,67500,,,,,,,,,60,1,eKillMonster,"0,483",0
212,악마!! 악마라니?!,일반 : 악마 바하무디 처치,43,4,1,202500,,,,,,,,,150,1,eKillMonster,"0,483",0
213,악마!! 악마라니?!,일반 : 악마 바하무디 처치,43,5,1,810000,,,,,,,,,300,1,eKillMonster,"0,483",0
214,약해! 약하다고!!,하드 : 보병 처치,44,1,1,1500,,,,,,,,,20,1,eKillMonster,"1,151,161,251,261,351,361,451,461",0
215,약해! 약하다고!!,하드 : 보병 처치,44,2,1,3750,,,,,,,,,100,1,eKillMonster,"1,151,161,251,261,351,361,451,461",0
216,약해! 약하다고!!,하드 : 보병 처치,44,3,1,11250,,,,,,,,,500,1,eKillMonster,"1,151,161,251,261,351,361,451,461",0
217,약해! 약하다고!!,하드 : 보병 처치,44,4,1,33750,,,,,,,,,2000,1,eKillMonster,"1,151,161,251,261,351,361,451,461",0
218,약해! 약하다고!!,하드 : 보병 처치,44,5,1,135000,,,,,,,,,5000,1,eKillMonster,"1,151,161,251,261,351,361,451,461",0
219,막았냐? 막았냐고?!,하드 : 수호병 처치,45,1,1,2300,,,,,,,,,20,1,eKillMonster,"1,152,162,252,262,352,362",0
220,막았냐? 막았냐고?!,하드 : 수호병 처치,45,2,1,5750,,,,,,,,,100,1,eKillMonster,"1,152,162,252,262,352,362",0
221,막았냐? 막았냐고?!,하드 : 수호병 처치,45,3,1,17250,,,,,,,,,500,1,eKillMonster,"1,152,162,252,262,352,362",0
222,막았냐? 막았냐고?!,하드 : 수호병 처치,45,4,1,51750,,,,,,,,,2000,1,eKillMonster,"1,152,162,252,262,352,362",0
223,막았냐? 막았냐고?!,하드 : 수호병 처치,45,5,1,207000,,,,,,,,,5000,1,eKillMonster,"1,152,162,252,262,352,362",0
224,후~ 넌 좀 이따 보자.,하드 : 광전사 처치,46,1,1,2700,,,,,,,,,20,1,eKillMonster,"1,153,163,253,263,453,463",0
225,후~ 넌 좀 이따 보자.,하드 : 광전사 처치,46,2,1,6750,,,,,,,,,100,1,eKillMonster,"1,153,163,253,263,453,463",0
226,후~ 넌 좀 이따 보자.,하드 : 광전사 처치,46,3,1,20250,,,,,,,,,500,1,eKillMonster,"1,153,163,253,263,453,463",0
227,후~ 넌 좀 이따 보자.,하드 : 광전사 처치,46,4,1,60750,,,,,,,,,2000,1,eKillMonster,"1,153,163,253,263,453,463",0
228,후~ 넌 좀 이따 보자.,하드 : 광전사 처치,46,5,1,243000,,,,,,,,,5000,1,eKillMonster,"1,153,163,253,263,453,463",0
229,찌르지 말랬잖아!!,하드 : 창병 처치,47,1,1,2300,,,,,,,,,20,1,eKillMonster,"1,154,164,254,264,354,364,454,464",0
230,찌르지 말랬잖아!!,하드 : 창병 처치,47,2,1,5750,,,,,,,,,100,1,eKillMonster,"1,154,164,254,264,354,364,454,464",0
231,찌르지 말랬잖아!!,하드 : 창병 처치,47,3,1,17250,,,,,,,,,500,1,eKillMonster,"1,154,164,254,264,354,364,454,464",0
232,찌르지 말랬잖아!!,하드 : 창병 처치,47,4,1,51750,,,,,,,,,2000,1,eKillMonster,"1,154,164,254,264,354,364,454,464",0
233,찌르지 말랬잖아!!,하드 : 창병 처치,47,5,1,207000,,,,,,,,,5000,1,eKillMonster,"1,154,164,254,264,354,364,454,464",0
234,"아오, 따가워!!",하드 : 궁수 처치,48,1,1,1800,,,,,,,,,20,1,eKillMonster,"1,155,165,255,265,355,365,455,465",0
235,"아오, 따가워!!",하드 : 궁수 처치,48,2,1,4500,,,,,,,,,100,1,eKillMonster,"1,155,165,255,265,355,365,455,465",0
236,"아오, 따가워!!",하드 : 궁수 처치,48,3,1,13500,,,,,,,,,500,1,eKillMonster,"1,155,165,255,265,355,365,455,465",0
237,"아오, 따가워!!",하드 : 궁수 처치,48,4,1,40500,,,,,,,,,2000,1,eKillMonster,"1,155,165,255,265,355,365,455,465",0
238,"아오, 따가워!!",하드 : 궁수 처치,48,5,1,162000,,,,,,,,,5000,1,eKillMonster,"1,155,165,255,265,355,365,455,465",0
239,피했냐? 응? 피했냐고!!,하드 : 암살자 처치,49,1,1,2300,,,,,,,,,20,1,eKillMonster,"1,156,166,256,266,356,366,456,466",0
240,피했냐? 응? 피했냐고!!,하드 : 암살자 처치,49,2,1,5750,,,,,,,,,100,1,eKillMonster,"1,156,166,256,266,356,366,456,466",0
241,피했냐? 응? 피했냐고!!,하드 : 암살자 처치,49,3,1,17250,,,,,,,,,500,1,eKillMonster,"1,156,166,256,266,356,366,456,466",0
242,피했냐? 응? 피했냐고!!,하드 : 암살자 처치,49,4,1,51750,,,,,,,,,2000,1,eKillMonster,"1,156,166,256,266,356,366,456,466",0
243,피했냐? 응? 피했냐고!!,하드 : 암살자 처치,49,5,1,207000,,,,,,,,,5000,1,eKillMonster,"1,156,166,256,266,356,366,456,466",0
244,네놈이 1순위다!!!,하드 : 사제 처치,50,1,1,2700,,,,,,,,,20,1,eKillMonster,"1,257,267,357,367",0
245,네놈이 2순위다!!!,하드 : 사제 처치,50,2,1,6750,,,,,,,,,100,1,eKillMonster,"1,257,267,357,367",0
246,네놈이 3순위다!!!,하드 : 사제 처치,50,3,1,20250,,,,,,,,,500,1,eKillMonster,"1,257,267,357,367",0
247,네놈이 4순위다!!!,하드 : 사제 처치,50,4,1,60750,,,,,,,,,2000,1,eKillMonster,"1,257,267,357,367",0
248,네놈이 5순위다!!!,하드 : 사제 처치,50,5,1,243000,,,,,,,,,5000,1,eKillMonster,"1,257,267,357,367",0
249,불 좀 막 던지지마!!,하드 : 마법사 처치,51,1,1,2700,,,,,,,,,20,1,eKillMonster,"1,258,268,358,368,458,468",0
250,불 좀 막 던지지마!!,하드 : 마법사 처치,51,2,1,6750,,,,,,,,,100,1,eKillMonster,"1,258,268,358,368,458,468",0
251,불 좀 막 던지지마!!,하드 : 마법사 처치,51,3,1,20250,,,,,,,,,500,1,eKillMonster,"1,258,268,358,368,458,468",0
252,불 좀 막 던지지마!!,하드 : 마법사 처치,51,4,1,60750,,,,,,,,,2000,1,eKillMonster,"1,258,268,358,368,458,468",0
253,불 좀 막 던지지마!!,하드 : 마법사 처치,51,5,1,243000,,,,,,,,,5000,1,eKillMonster,"1,258,268,358,368,458,468",0
254,지긋 지긋한 녀석!!,하드 : 성기사 처치,52,1,1,3000,,,,,,,,,20,1,eKillMonster,"1,459,469",0
255,지긋 지긋한 녀석!!,하드 : 성기사 처치,52,2,1,7500,,,,,,,,,100,1,eKillMonster,"1,459,469",0
256,지긋 지긋한 녀석!!,하드 : 성기사 처치,52,3,1,22500,,,,,,,,,500,1,eKillMonster,"1,459,469",0
257,지긋 지긋한 녀석!!,하드 : 성기사 처치,52,4,1,67500,,,,,,,,,2000,1,eKillMonster,"1,459,469",0
258,지긋 지긋한 녀석!!,하드 : 성기사 처치,52,5,1,270000,,,,,,,,,5000,1,eKillMonster,"1,459,469",0
259,다시 한번 즈려밟고!!,하드 : 애꾸눈 오르카 처치,53,1,1,4500,,,,,,,,,5,1,eKillMonster,"1,191",0
260,다시 한번 즈려밟고!!,하드 : 애꾸눈 오르카 처치,53,2,1,11250,,,,,,,,,20,1,eKillMonster,"1,191",0
261,다시 한번 즈려밟고!!,하드 : 애꾸눈 오르카 처치,53,3,1,33750,,,,,,,,,60,1,eKillMonster,"1,191",0
262,다시 한번 즈려밟고!!,하드 : 애꾸눈 오르카 처치,53,4,1,101250,,,,,,,,,150,1,eKillMonster,"1,191",0
263,다시 한번 즈려밟고!!,하드 : 애꾸눈 오르카 처치,53,5,1,405000,,,,,,,,,300,1,eKillMonster,"1,191",0
264,미친 멧돼지!!,하드 : 미친 왕 앵그바론 처치,54,1,1,6800,,,,,,,,,5,1,eKillMonster,"1,192",0
265,미친 멧돼지!!,하드 : 미친 왕 앵그바론 처치,54,2,1,17000,,,,,,,,,20,1,eKillMonster,"1,192",0
266,미친 멧돼지!!,하드 : 미친 왕 앵그바론 처치,54,3,1,51000,,,,,,,,,60,1,eKillMonster,"1,192",0
267,미친 멧돼지!!,하드 : 미친 왕 앵그바론 처치,54,4,1,153000,,,,,,,,,150,1,eKillMonster,"1,192",0
268,미친 멧돼지!!,하드 : 미친 왕 앵그바론 처치,54,5,1,612000,,,,,,,,,300,1,eKillMonster,"1,192",0
269,숨지마!! 숨지 마라고!!,하드 : 얍삽한 루미 처치,55,1,1,6800,,,,,,,,,5,1,eKillMonster,"1,291",0
270,숨지마!! 숨지 마라고!!,하드 : 얍삽한 루미 처치,55,2,1,17000,,,,,,,,,20,1,eKillMonster,"1,291",0
271,숨지마!! 숨지 마라고!!,하드 : 얍삽한 루미 처치,55,3,1,51000,,,,,,,,,60,1,eKillMonster,"1,291",0
272,숨지마!! 숨지 마라고!!,하드 : 얍삽한 루미 처치,55,4,1,153000,,,,,,,,,150,1,eKillMonster,"1,291",0
273,숨지마!! 숨지 마라고!!,하드 : 얍삽한 루미 처치,55,5,1,612000,,,,,,,,,300,1,eKillMonster,"1,291",0
274,요놈!! 요놈!! 요놈!!,하드 : 대사제 피오나 처치,56,1,1,9000,,,,,,,,,5,1,eKillMonster,"1,292",0
275,요놈!! 요놈!! 요놈!!,하드 : 대사제 피오나 처치,56,2,1,22500,,,,,,,,,20,1,eKillMonster,"1,292",0
276,요놈!! 요놈!! 요놈!!,하드 : 대사제 피오나 처치,56,3,1,67500,,,,,,,,,60,1,eKillMonster,"1,292",0
277,요놈!! 요놈!! 요놈!!,하드 : 대사제 피오나 처치,56,4,1,202500,,,,,,,,,150,1,eKillMonster,"1,292",0
278,요놈!! 요놈!! 요놈!!,하드 : 대사제 피오나 처치,56,5,1,810000,,,,,,,,,300,1,eKillMonster,"1,292",0
279,원 플러스 원!!,하드 : 토카타와 푸가 처치,57,1,1,9000,,,,,,,,,5,1,eKillMonster,"1,391",0
280,원 플러스 원!!,하드 : 토카타와 푸가 처치,57,2,1,22500,,,,,,,,,20,1,eKillMonster,"1,391",0
281,원 플러스 원!!,하드 : 토카타와 푸가 처치,57,3,1,67500,,,,,,,,,60,1,eKillMonster,"1,391",0
282,원 플러스 원!!,하드 : 토카타와 푸가 처치,57,4,1,202500,,,,,,,,,150,1,eKillMonster,"1,391",0
283,원 플러스 원!!,하드 : 토카타와 푸가 처치,57,5,1,810000,,,,,,,,,300,1,eKillMonster,"1,391",0
284,불장난 그만하랬지?!,하드 : 불의 지배자 아그타 처치,58,1,1,11500,,,,,,,,,5,1,eKillMonster,"1,392",0
285,불장난 그만하랬지?!,하드 : 불의 지배자 아그타 처치,58,2,1,28750,,,,,,,,,20,1,eKillMonster,"1,392",0
286,불장난 그만하랬지?!,하드 : 불의 지배자 아그타 처치,58,3,1,86250,,,,,,,,,60,1,eKillMonster,"1,392",0
287,불장난 그만하랬지?!,하드 : 불의 지배자 아그타 처치,58,4,1,258750,,,,,,,,,150,1,eKillMonster,"1,392",0
288,불장난 그만하랬지?!,하드 : 불의 지배자 아그타 처치,58,5,1,1035000,,,,,,,,,300,1,eKillMonster,"1,392",0
289,대화 상대?!,하드 : 성기사단장 람스타르 처치,59,1,1,11500,,,,,,,,,5,1,eKillMonster,"1,491",0
290,대화 상대?!,하드 : 성기사단장 람스타르 처치,59,2,1,28750,,,,,,,,,20,1,eKillMonster,"1,491",0
291,대화 상대?!,하드 : 성기사단장 람스타르 처치,59,3,1,86250,,,,,,,,,60,1,eKillMonster,"1,491",0
292,대화 상대?!,하드 : 성기사단장 람스타르 처치,59,4,1,258750,,,,,,,,,150,1,eKillMonster,"1,491",0
293,대화 상대?!,하드 : 성기사단장 람스타르 처치,59,5,1,1035000,,,,,,,,,300,1,eKillMonster,"1,491",0
294,악마 사냥꾼!!!,하드 : 악마 바하무디 처치,60,1,1,15000,,,,,,,,,5,1,eKillMonster,"1,493",0
295,악마 사냥꾼!!!,하드 : 악마 바하무디 처치,60,2,1,37500,,,,,,,,,20,1,eKillMonster,"1,493",0
296,악마 사냥꾼!!!,하드 : 악마 바하무디 처치,60,3,1,112500,,,,,,,,,60,1,eKillMonster,"1,493",0
297,악마 사냥꾼!!!,하드 : 악마 바하무디 처치,60,4,1,337500,,,,,,,,,150,1,eKillMonster,"1,493",0
298,악마 사냥꾼!!!,하드 : 악마 바하무디 처치,60,5,1,1350000,,,,,,,,,300,1,eKillMonster,"1,493",0
384,뭐~ 당연한거 아닌가?,투기장 전투 첫 승리,61,1,2,2,,,,,,,,,1,1,eArenaWin,,0
385,뭐~ 당연한거 아닌가?,투기장 전투 15회 승리,61,2,2,4,,,,,,,,,15,1,eArenaWin,,0
386,뭐~ 당연한거 아닌가?,투기장 전투 100회 승리,61,3,2,6,,,,,,,,,100,1,eArenaWin,,0
387,뭐~ 당연한거 아닌가?,투기장 전투 300회 승리,61,4,2,8,,,,,,,,,300,1,eArenaWin,,0
388,뭐~ 당연한거 아닌가?,투기장 전투 800회 승리,61,5,2,10,,,,,,,,,800,1,eArenaWin,,0
389,응? 졌..어?! 지금 진거야?,투기장 전투 첫 패배,62,1,2,1,,,,,,,,,1,1,eArenaFail,,0
390,응? 졌..어?! 지금 진거야?,투기장 전투 15회 패배,62,2,2,2,,,,,,,,,15,1,eArenaFail,,0
391,응? 졌..어?! 지금 진거야?,투기장 전투 100회 패배,62,3,2,3,,,,,,,,,100,1,eArenaFail,,0
392,응? 졌..어?! 지금 진거야?,투기장 전투 300회 패배,62,4,2,4,,,,,,,,,300,1,eArenaFail,,0
393,응? 졌..어?! 지금 진거야?,투기장 전투 800회 패배,62,5,2,5,,,,,,,,,800,1,eArenaFail,,0
394,흐..흐흐..흐하하하하!!,투기장 전투 5연승 달성,63,1,2,3,,,,,,,,,5,1,eArenaStraightVic,,0
395,흐..흐흐..흐하하하하!!,투기장 전투 20연승 달성,63,2,2,6,,,,,,,,,20,1,eArenaStraightVic,,0
396,흐..흐흐..흐하하하하!!,투기장 전투 60연승 달성,63,3,2,12,,,,,,,,,60,1,eArenaStraightVic,,0
397,흐..흐흐..흐하하하하!!,투기장 전투 150연승 달성,63,4,2,24,,,,,,,,,150,1,eArenaStraightVic,,0
398,흐..흐흐..흐하하하하!!,투기장 전투 300연승 달성,63,5,2,48,,,,,,,,,300,1,eArenaStraightVic,,0
399,뭐 이런걸 다~,처음으로 투기장 훈장 획득,64,1,2,2,,,,,,,,,1,1,eArenaMedal,,0
400,전설을 향한 발걸음!,처음으로 투기장 아이템 구입,65,1,2,2,,,,,,,,,1,1,eBuyArenaItem,,0
401,나는 전설이다!!,랭크1 전설의 발 달성(상위 10등),66,1,3,91011,3,91111,3,91211,3,92006,3,93006,1,1,eGetRank1,,1
299,약한 녀석이었는데!!,헬 : 보병 처치,67,1,1,3000,,,,,,,,,20,1,eKillMonster,"2,121,131,221,231,321,331,421,431",0
300,약한 녀석이었는데!!,헬 : 보병 처치,67,2,1,7500,,,,,,,,,100,1,eKillMonster,"2,121,131,221,231,321,331,421,431",0
301,약한 녀석이었는데!!,헬 : 보병 처치,67,3,1,22500,,,,,,,,,500,1,eKillMonster,"2,121,131,221,231,321,331,421,431",0
302,약한 녀석이었는데!!,헬 : 보병 처치,67,4,1,67500,,,,,,,,,2000,1,eKillMonster,"2,121,131,221,231,321,331,421,431",0
303,약한 녀석이었는데!!,헬 : 보병 처치,67,5,1,270000,,,,,,,,,5000,1,eKillMonster,"2,121,131,221,231,321,331,421,431",0
304,막지마 좀!!,헬 : 수호병 처치,68,1,1,4600,,,,,,,,,20,1,eKillMonster,"2,122,132,222,232,322,332",0
305,막지마 좀!!,헬 : 수호병 처치,68,2,1,11500,,,,,,,,,100,1,eKillMonster,"2,122,132,222,232,322,332",0
306,막지마 좀!!,헬 : 수호병 처치,68,3,1,34500,,,,,,,,,500,1,eKillMonster,"2,122,132,222,232,322,332",0
307,막지마 좀!!,헬 : 수호병 처치,68,4,1,103500,,,,,,,,,2000,1,eKillMonster,"2,122,132,222,232,322,332",0
308,막지마 좀!!,헬 : 수호병 처치,68,5,1,414000,,,,,,,,,5000,1,eKillMonster,"2,122,132,222,232,322,332",0
309,워~ 워~ 진정해.,헬 : 광전사 처치,69,1,1,5400,,,,,,,,,20,1,eKillMonster,"2,123,133,223,233,423,433",0
310,워~ 워~ 진정해.,헬 : 광전사 처치,69,2,1,13500,,,,,,,,,100,1,eKillMonster,"2,123,133,223,233,423,433",0
311,워~ 워~ 진정해.,헬 : 광전사 처치,69,3,1,40500,,,,,,,,,500,1,eKillMonster,"2,123,133,223,233,423,433",0
312,워~ 워~ 진정해.,헬 : 광전사 처치,69,4,1,121500,,,,,,,,,2000,1,eKillMonster,"2,123,133,223,233,423,433",0
313,워~ 워~ 진정해.,헬 : 광전사 처치,69,5,1,486000,,,,,,,,,5000,1,eKillMonster,"2,123,133,223,233,423,433",0
314,찌르지마라고!!,헬 : 창병 처치,70,1,1,4600,,,,,,,,,20,1,eKillMonster,"2,124,134,224,234,324,334,424,434",0
315,찌르지마라고!!,헬 : 창병 처치,70,2,1,11500,,,,,,,,,100,1,eKillMonster,"2,124,134,224,234,324,334,424,434",0
316,찌르지마라고!!,헬 : 창병 처치,70,3,1,34500,,,,,,,,,500,1,eKillMonster,"2,124,134,224,234,324,334,424,434",0
317,찌르지마라고!!,헬 : 창병 처치,70,4,1,103500,,,,,,,,,2000,1,eKillMonster,"2,124,134,224,234,324,334,424,434",0
318,찌르지마라고!!,헬 : 창병 처치,70,5,1,414000,,,,,,,,,5000,1,eKillMonster,"2,124,134,224,234,324,334,424,434",0
319,따가워!! 따갑다고!!,헬 : 궁수 처치,71,1,1,3600,,,,,,,,,20,1,eKillMonster,"2,122,132,225,232,325,335,425,435",0
320,따가워!! 따갑다고!!,헬 : 궁수 처치,71,2,1,9000,,,,,,,,,100,1,eKillMonster,"2,122,132,225,232,325,335,425,435",0
321,따가워!! 따갑다고!!,헬 : 궁수 처치,71,3,1,27000,,,,,,,,,500,1,eKillMonster,"2,122,132,225,232,325,335,425,435",0
322,따가워!! 따갑다고!!,헬 : 궁수 처치,71,4,1,81000,,,,,,,,,2000,1,eKillMonster,"2,122,132,225,232,325,335,425,435",0
323,따가워!! 따갑다고!!,헬 : 궁수 처치,71,5,1,324000,,,,,,,,,5000,1,eKillMonster,"2,122,132,225,232,325,335,425,435",0
324,피하지마!!,헬 : 암살자 처치,72,1,1,4600,,,,,,,,,20,1,eKillMonster,"2,123,133,223,233,326,336,426,436",0
325,피하지마!!,헬 : 암살자 처치,72,2,1,11500,,,,,,,,,100,1,eKillMonster,"2,123,133,223,233,326,336,426,436",0
326,피하지마!!,헬 : 암살자 처치,72,3,1,34500,,,,,,,,,500,1,eKillMonster,"2,123,133,223,233,326,336,426,436",0
327,피하지마!!,헬 : 암살자 처치,72,4,1,103500,,,,,,,,,2000,1,eKillMonster,"2,123,133,223,233,326,336,426,436",0
328,피하지마!!,헬 : 암살자 처치,72,5,1,414000,,,,,,,,,5000,1,eKillMonster,"2,123,133,223,233,326,336,426,436",0
329,네놈부터 없애주마!!!,헬 : 사제 처치,73,1,1,5400,,,,,,,,,20,1,eKillMonster,"2,227,237,327,337",0
330,네놈부터 없애주마!!!,헬 : 사제 처치,73,2,1,13500,,,,,,,,,100,1,eKillMonster,"2,227,237,327,337",0
331,네놈부터 없애주마!!!,헬 : 사제 처치,73,3,1,40500,,,,,,,,,500,1,eKillMonster,"2,227,237,327,337",0
332,네놈부터 없애주마!!!,헬 : 사제 처치,73,4,1,121500,,,,,,,,,2000,1,eKillMonster,"2,227,237,327,337",0
333,네놈부터 없애주마!!!,헬 : 사제 처치,73,5,1,486000,,,,,,,,,5000,1,eKillMonster,"2,227,237,327,337",0
334,불장난 하지 말랬지!!,헬 : 마법사 처치,74,1,1,5400,,,,,,,,,20,1,eKillMonster,"2,228,238,328,338,428,438",0
335,불장난 하지 말랬지!!,헬 : 마법사 처치,74,2,1,13500,,,,,,,,,100,1,eKillMonster,"2,228,238,328,338,428,438",0
336,불장난 하지 말랬지!!,헬 : 마법사 처치,74,3,1,40500,,,,,,,,,500,1,eKillMonster,"2,228,238,328,338,428,438",0
337,불장난 하지 말랬지!!,헬 : 마법사 처치,74,4,1,121500,,,,,,,,,2000,1,eKillMonster,"2,228,238,328,338,428,438",0
338,불장난 하지 말랬지!!,헬 : 마법사 처치,74,5,1,486000,,,,,,,,,5000,1,eKillMonster,"2,228,238,328,338,428,438",0
339,지긋 지긋하다 이놈!!,헬 : 성기사 처치,75,1,1,6000,,,,,,,,,20,1,eKillMonster,"2,424,434",0
340,지긋 지긋하다 이놈!!,헬 : 성기사 처치,75,2,1,15000,,,,,,,,,100,1,eKillMonster,"2,424,434",0
341,지긋 지긋하다 이놈!!,헬 : 성기사 처치,75,3,1,45000,,,,,,,,,500,1,eKillMonster,"2,424,434",0
342,지긋 지긋하다 이놈!!,헬 : 성기사 처치,75,4,1,135000,,,,,,,,,2000,1,eKillMonster,"2,424,434",0
343,지긋 지긋하다 이놈!!,헬 : 성기사 처치,75,5,1,540000,,,,,,,,,5000,1,eKillMonster,"2,424,434",0
344,또 한번 즈려밟고!!,헬 : 애꾸눈 오르카 처치,76,1,1,9000,,,,,,,,,5,1,eKillMonster,"2,141",0
345,다시 한번 즈려밟고!!,헬 : 애꾸눈 오르카 처치,76,2,1,22500,,,,,,,,,20,1,eKillMonster,"2,141",0
346,다시 한번 즈려밟고!!,헬 : 애꾸눈 오르카 처치,76,3,1,67500,,,,,,,,,60,1,eKillMonster,"2,141",0
347,다시 한번 즈려밟고!!,헬 : 애꾸눈 오르카 처치,76,4,1,202500,,,,,,,,,150,1,eKillMonster,"2,141",0
348,다시 한번 즈려밟고!!,헬 : 애꾸눈 오르카 처치,76,5,1,810000,,,,,,,,,300,1,eKillMonster,"2,141",0
349,완전 미친 멧돼지!!,헬 : 미친 왕 앵그바론 처치,77,1,1,13600,,,,,,,,,5,1,eKillMonster,"2,142",0
350,완전 미친 멧돼지!!,헬 : 미친 왕 앵그바론 처치,77,2,1,34000,,,,,,,,,20,1,eKillMonster,"2,142",0
351,완전 미친 멧돼지!!,헬 : 미친 왕 앵그바론 처치,77,3,1,102000,,,,,,,,,60,1,eKillMonster,"2,142",0
352,완전 미친 멧돼지!!,헬 : 미친 왕 앵그바론 처치,77,4,1,306000,,,,,,,,,150,1,eKillMonster,"2,142",0
353,완전 미친 멧돼지!!,헬 : 미친 왕 앵그바론 처치,77,5,1,1224000,,,,,,,,,300,1,eKillMonster,"2,142",0
354,숨지마!! 나와!!,헬 : 얍삽한 루미 처치,78,1,1,13600,,,,,,,,,5,1,eKillMonster,"2,241",0
355,숨지마!! 나와!!,헬 : 얍삽한 루미 처치,78,2,1,34000,,,,,,,,,20,1,eKillMonster,"2,241",0
356,숨지마!! 나와!!,헬 : 얍삽한 루미 처치,78,3,1,102000,,,,,,,,,60,1,eKillMonster,"2,241",0
357,숨지마!! 나와!!,헬 : 얍삽한 루미 처치,78,4,1,306000,,,,,,,,,150,1,eKillMonster,"2,241",0
358,숨지마!! 나와!!,헬 : 얍삽한 루미 처치,78,5,1,1224000,,,,,,,,,300,1,eKillMonster,"2,241",0
359,요놈!! 요놈!!!!,헬 : 대사제 피오나 처치,79,1,1,18000,,,,,,,,,5,1,eKillMonster,"2,242",0
360,요놈!! 요놈!!!!,헬 : 대사제 피오나 처치,79,2,1,45000,,,,,,,,,20,1,eKillMonster,"2,242",0
361,요놈!! 요놈!!!!,헬 : 대사제 피오나 처치,79,3,1,135000,,,,,,,,,60,1,eKillMonster,"2,242",0
362,요놈!! 요놈!!!!,헬 : 대사제 피오나 처치,79,4,1,405000,,,,,,,,,150,1,eKillMonster,"2,242",0
363,요놈!! 요놈!!!!,헬 : 대사제 피오나 처치,79,5,1,1620000,,,,,,,,,300,1,eKillMonster,"2,242",0
364,일타쌍피!!,헬 : 토카타와 푸가 처치,80,1,1,18000,,,,,,,,,5,1,eKillMonster,"2,341",0
365,일타쌍피!!,헬 : 토카타와 푸가 처치,80,2,1,45000,,,,,,,,,20,1,eKillMonster,"2,341",0
366,일타쌍피!!,헬 : 토카타와 푸가 처치,80,3,1,135000,,,,,,,,,60,1,eKillMonster,"2,341",0
367,일타쌍피!!,헬 : 토카타와 푸가 처치,80,4,1,405000,,,,,,,,,150,1,eKillMonster,"2,341",0
368,일타쌍피!!,헬 : 토카타와 푸가 처치,80,5,1,1620000,,,,,,,,,300,1,eKillMonster,"2,341",0
369,불장난 하지말랬다?!,헬 : 불의 지배자 아그타 처치,81,1,1,23000,,,,,,,,,5,1,eKillMonster,"2,342",0
370,불장난 하지말랬다?!,헬 : 불의 지배자 아그타 처치,81,2,1,57500,,,,,,,,,20,1,eKillMonster,"2,342",0
371,불장난 하지말랬다?!,헬 : 불의 지배자 아그타 처치,81,3,1,172500,,,,,,,,,60,1,eKillMonster,"2,342",0
372,불장난 하지말랬다?!,헬 : 불의 지배자 아그타 처치,81,4,1,517500,,,,,,,,,150,1,eKillMonster,"2,342",0
373,불장난 하지말랬다?!,헬 : 불의 지배자 아그타 처치,81,5,1,2070000,,,,,,,,,300,1,eKillMonster,"2,342",0
374,말이 너무 많아!!,헬 : 성기사단장 람스타르 처치,82,1,1,23000,,,,,,,,,5,1,eKillMonster,"2,441",0
375,말이 너무 많아!!,헬 : 성기사단장 람스타르 처치,82,2,1,57500,,,,,,,,,20,1,eKillMonster,"2,441",0
376,말이 너무 많아!!,헬 : 성기사단장 람스타르 처치,82,3,1,172500,,,,,,,,,60,1,eKillMonster,"2,441",0
377,말이 너무 많아!!,헬 : 성기사단장 람스타르 처치,82,4,1,517500,,,,,,,,,150,1,eKillMonster,"2,441",0
378,말이 너무 많아!!,헬 : 성기사단장 람스타르 처치,82,5,1,2070000,,,,,,,,,300,1,eKillMonster,"2,441",0
379,악마 따위!!!,헬 : 악마 바하무디 처치,83,1,1,30000,,,,,,,,,5,1,eKillMonster,"2,443",0
380,악마 따위!!!,헬 : 악마 바하무디 처치,83,2,1,75000,,,,,,,,,20,1,eKillMonster,"2,443",0
381,악마 따위!!!,헬 : 악마 바하무디 처치,83,3,1,225000,,,,,,,,,60,1,eKillMonster,"2,443",0
382,악마 따위!!!,헬 : 악마 바하무디 처치,83,4,1,675000,,,,,,,,,150,1,eKillMonster,"2,443",0
383,악마 따위!!!,헬 : 악마 바하무디 처치,83,5,1,2700000,,,,,,,,,300,1,eKillMonster,"2,443",0
70,별거 아니구만?,헬 : 라이오넷 왕국 클리어,84,1,2,15,,,,,,,,,20,0,eStageClear,"2,1,2,3,4,5,6,7,8,9,10,11,12,13,14,15,16,17,18,19,20",0
71,뭐 이정도야..,헬 : 바르스 왕국 클리어,85,1,2,15,,,,,,,,,20,0,eStageClear,"2,21,22,23,24,25,26,27,28,29,30,31,32,33,34,35,36,37,38,39,40",0
72,뭔가 잊어버린게 있는데?,헬 : 메디가르 왕국 클리어,86,1,2,15,,,,,,,,,20,0,eStageClear,"2,41,42,43,44,45,46,47,48,49,50,51,52,53,54,55,56,57,58,59,60",0
73,내 공주님은 이렇지 않아!!,헬 : 프레스터 왕국 클리어,87,1,2,15,,,,,,,,,20,0,eStageClear,"2,61,62,63,64,65,66,67,68,69,70,71,72,73,74,75,76,77,78,79,80",0
384,약탈자 약탈하기,일반 : 해적 처치,88,1,2,1,,,,,,,,,20,1,eKillMonster,"0,901,911,902,912",0
385,약탈자 약탈하기,일반 : 해적 처치,88,2,2,2,,,,,,,,,100,1,eKillMonster,"0,901,911,902,912",0
386,약탈자 약탈하기,일반 : 해적 처치,88,3,2,3,,,,,,,,,500,1,eKillMonster,"0,901,911,902,912",0
387,약탈자 약탈하기,일반 : 해적 처치,88,4,2,4,,,,,,,,,2000,1,eKillMonster,"0,901,911,902,912",0
388,약탈자 약탈하기,일반 : 해적 처치,88,5,2,5,,,,,,,,,5000,1,eKillMonster,"0,901,911,902,912",0
389,오늘을 기다렸다!!,하드 : 해적 처치,89,1,2,2,,,,,,,,,20,1,eKillMonster,"1,921,931,922,932",0
390,오늘을 기다렸다!!,하드 : 해적 처치,89,2,2,4,,,,,,,,,100,1,eKillMonster,"1,921,931,922,932",0
391,오늘을 기다렸다!!,하드 : 해적 처치,89,3,2,6,,,,,,,,,500,1,eKillMonster,"1,921,931,922,932",0
392,오늘을 기다렸다!!,하드 : 해적 처치,89,4,2,8,,,,,,,,,2000,1,eKillMonster,"1,921,931,922,932",0
393,오늘을 기다렸다!!,하드 : 해적 처치,89,5,2,10,,,,,,,,,5000,1,eKillMonster,"1,921,931,922,932",0
394,또 왔구나!! 요놈들!!,헬 : 해적 처지,90,1,2,3,,,,,,,,,20,1,eKillMonster,"2,941,951,942,952",0
395,또 왔구나!! 요놈들!!,헬 : 해적 처지,90,2,2,6,,,,,,,,,100,1,eKillMonster,"2,941,951,942,952",0
396,또 왔구나!! 요놈들!!,헬 : 해적 처지,90,3,2,9,,,,,,,,,500,1,eKillMonster,"2,941,951,942,952",0
397,또 왔구나!! 요놈들!!,헬 : 해적 처지,90,4,2,12,,,,,,,,,2000,1,eKillMonster,"2,941,951,942,952",0
398,또 왔구나!! 요놈들!!,헬 : 해적 처지,90,5,2,15,,,,,,,,,5000,1,eKillMonster,"2,941,951,942,952",0
