ID,StageID,StageType,Stage_No,Stamina,Ticket,Limit_LV,Suggest_LV,Mob_1,Mob_2,Mob_3,Mob_4,Mob_5,Mob_6,Mob_7,StageName,Kingdom,Number,Act,Chapter
1,1,0,1,10,,0,1,101,105,,,,,,act1,국가 : 라이오넷,1-1,제 1막 설원의 애가,1장 눈보라 평원
2,1,1,1001,20,,7,7,151,154,155,,,,,act1001,국가 : 라이오넷,1-1,제 1막 설원의 애가,1장 눈보라 평원
3,1,2,2001,40,,40,40,101,102,104,105,106,,,act2001,국가 : 라이오넷,1-1,제 1막 설원의 애가,1장 눈보라 평원
4,2,0,2,10,,0,2,105,101,,,,,,act2,국가 : 라이오넷,1-2,제 1막 설원의 애가,2장 북부 감시초소
5,2,1,1002,20,,7,8,155,151,154,,,,,act1002,국가 : 라이오넷,1-2,제 1막 설원의 애가,2장 북부 감시초소
6,2,2,2002,40,,40,40,105,101,102,104,106,,,act2002,국가 : 라이오넷,1-2,제 1막 설원의 애가,2장 북부 감시초소
7,3,0,3,10,,0,3,104,101,105,,,,,act3,국가 : 라이오넷,1-3,제 1막 설원의 애가,3장 메아리 언덕
8,3,1,1003,20,,7,9,155,151,154,,,,,act1003,국가 : 라이오넷,1-3,제 1막 설원의 애가,3장 메아리 언덕
9,3,2,2003,40,,40,40,105,101,102,104,106,,,act2003,국가 : 라이오넷,1-3,제 1막 설원의 애가,3장 메아리 언덕
10,4,0,4,10,,0,4,103,101,104,105,,,,act4,국가 : 라이오넷,1-4,제 1막 설원의 애가,4장 여명의 골짜기
11,4,1,1004,20,,7,10,153,151,152,154,,,,act1004,국가 : 라이오넷,1-4,제 1막 설원의 애가,4장 여명의 골짜기
12,4,2,2004,40,,40,40,103,101,102,104,105,106,,act2004,국가 : 라이오넷,1-4,제 1막 설원의 애가,4장 여명의 골짜기
13,5,0,5,17,,0,5,104,101,103,105,,,,act5,국가 : 라이오넷,1-5,제 1막 설원의 애가,5장 혹한의 수용소
14,5,1,1005,27,,7,11,154,151,152,153,155,156,,act1005,국가 : 라이오넷,1-5,제 1막 설원의 애가,5장 혹한의 수용소
15,5,2,2005,47,,40,40,104,101,102,103,105,106,,act2005,국가 : 라이오넷,1-5,제 1막 설원의 애가,5장 혹한의 수용소
16,6,0,6,10,,0,6,102,101,103,104,105,,,act6,국가 : 라이오넷,1-6,제 1막 설원의 애가,6장 눈보라 거점
17,6,1,1006,20,,7,12,152,151,153,154,155,156,,act1006,국가 : 라이오넷,1-6,제 1막 설원의 애가,6장 눈보라 거점
18,6,2,2006,40,,40,40,102,101,103,104,105,106,,act2006,국가 : 라이오넷,1-6,제 1막 설원의 애가,6장 눈보라 거점
19,7,0,7,10,,0,7,106,101,102,103,104,105,,act7,국가 : 라이오넷,1-7,제 1막 설원의 애가,7장 끝없는 겨울의 언덕
20,7,1,1007,20,,7,13,152,151,153,154,155,156,,act1007,국가 : 라이오넷,1-7,제 1막 설원의 애가,7장 끝없는 겨울의 언덕
21,7,2,2007,40,,40,40,102,101,103,104,105,106,,act2007,국가 : 라이오넷,1-7,제 1막 설원의 애가,7장 끝없는 겨울의 언덕
22,8,0,8,10,,0,8,104,101,102,103,105,106,,act8,국가 : 라이오넷,1-8,제 1막 설원의 애가,8장 얼어붙은 숨결의 협곡
23,8,1,1008,20,,7,14,156,151,152,153,154,155,,act1008,국가 : 라이오넷,1-8,제 1막 설원의 애가,8장 얼어붙은 숨결의 협곡
24,8,2,2008,40,,40,40,106,101,102,103,104,105,,act2008,국가 : 라이오넷,1-8,제 1막 설원의 애가,8장 얼어붙은 숨결의 협곡
25,9,0,9,10,,0,9,103,101,102,104,105,106,,act9,국가 : 라이오넷,1-9,제 1막 설원의 애가,9장 철의 수비대 거점
26,9,1,1009,20,,7,15,153,151,152,154,155,156,,act1009,국가 : 라이오넷,1-9,제 1막 설원의 애가,9장 철의 수비대 거점
27,9,2,2009,40,,40,40,103,101,102,104,105,106,,act2009,국가 : 라이오넷,1-9,제 1막 설원의 애가,9장 철의 수비대 거점
28,10,0,10,21,,0,10,181,101,103,104,105,,,act10,국가 : 라이오넷,1-10,제 1막 설원의 애가,10장 강철 관문
29,10,1,1010,31,,7,16,191,151,153,154,155,,,act1010,국가 : 라이오넷,1-10,제 1막 설원의 애가,10장 강철 관문
30,10,2,2010,51,,40,40,181,101,103,104,105,106,,act2010,국가 : 라이오넷,1-10,제 1막 설원의 애가,10장 강철 관문
31,11,0,11,13,,0,11,102,101,103,104,105,106,,act11,국가 : 라이오넷,1-11,제 1막 설원의 애가,11장 사자의 성 내부
32,11,1,1011,23,,7,17,152,151,153,154,155,156,,act1011,국가 : 라이오넷,1-11,제 1막 설원의 애가,11장 사자의 성 내부
33,11,2,2011,40,,40,40,102,101,103,104,105,106,,act2011,국가 : 라이오넷,1-11,제 1막 설원의 애가,11장 사자의 성 내부
34,12,0,12,13,,0,11,106,101,102,103,104,105,,act12,국가 : 라이오넷,1-12,제 1막 설원의 애가,10장 병영
35,12,1,1012,23,,7,17,156,151,152,153,154,155,,act1012,국가 : 라이오넷,1-12,제 1막 설원의 애가,10장 병영
36,12,2,2012,40,,40,40,106,101,102,103,104,105,,act2012,국가 : 라이오넷,1-12,제 1막 설원의 애가,10장 병영
37,13,0,13,13,,0,12,103,101,102,104,105,106,,act13,국가 : 라이오넷,1-13,제 1막 설원의 애가,13장 무기고
38,13,1,1013,23,,7,18,153,151,152,154,155,156,,act1013,국가 : 라이오넷,1-13,제 1막 설원의 애가,13장 무기고
39,13,2,2013,40,,40,40,103,101,102,104,105,106,,act2013,국가 : 라이오넷,1-13,제 1막 설원의 애가,13장 무기고
40,14,0,14,13,,0,12,105,101,102,103,104,106,,act14,국가 : 라이오넷,1-14,제 1막 설원의 애가,14장 기록 보관소
41,14,1,1014,23,,7,18,155,151,152,153,154,156,,act1014,국가 : 라이오넷,1-14,제 1막 설원의 애가,14장 기록 보관소
42,14,2,2014,40,,40,40,105,101,102,103,104,106,,act2014,국가 : 라이오넷,1-14,제 1막 설원의 애가,14장 기록 보관소
43,15,0,15,20,,0,13,207,101,102,103,104,105,106,act15,국가 : 라이오넷,1-15,제 1막 설원의 애가,15장 사절단 주둔지
44,15,1,1015,30,,7,19,257,151,152,153,154,155,156,act1015,국가 : 라이오넷,1-15,제 1막 설원의 애가,15장 사절단 주둔지
45,15,2,2015,47,,40,40,207,101,102,103,104,105,106,act2015,국가 : 라이오넷,1-15,제 1막 설원의 애가,15장 사절단 주둔지
46,16,0,16,13,,0,13,102,101,103,104,105,106,,act16,국가 : 라이오넷,1-16,제 1막 설원의 애가,16장 귀족의 정원
47,16,1,1016,23,,7,19,152,151,153,154,155,156,,act1016,국가 : 라이오넷,1-16,제 1막 설원의 애가,16장 귀족의 정원
48,16,2,2016,40,,40,40,102,101,103,104,105,106,,act2016,국가 : 라이오넷,1-16,제 1막 설원의 애가,16장 귀족의 정원
49,17,0,17,13,,0,14,106,101,102,103,104,105,,act17,국가 : 라이오넷,1-17,제 1막 설원의 애가,17장 제련소
50,17,1,1017,23,,7,20,154,151,152,153,155,156,,act1017,국가 : 라이오넷,1-17,제 1막 설원의 애가,17장 제련소
51,17,2,2017,40,,40,40,104,101,102,103,105,106,,act2017,국가 : 라이오넷,1-17,제 1막 설원의 애가,17장 제련소
52,18,0,18,13,,0,14,105,101,102,103,104,106,,act18,국가 : 라이오넷,1-18,제 1막 설원의 애가,18장 연마장
53,18,1,1018,23,,7,20,155,151,152,153,154,156,,act1018,국가 : 라이오넷,1-18,제 1막 설원의 애가,18장 연마장
54,18,2,2018,40,,40,40,105,101,102,103,104,106,,act2018,국가 : 라이오넷,1-18,제 1막 설원의 애가,18장 연마장
55,19,0,19,13,,0,15,103,101,102,104,105,106,,act19,국가 : 라이오넷,1-19,제 1막 설원의 애가,19장 왕가의 통로
56,19,1,1019,23,,7,21,153,151,152,154,155,156,,act1019,국가 : 라이오넷,1-19,제 1막 설원의 애가,19장 왕가의 통로
57,19,2,2019,40,,40,40,103,101,102,104,105,106,,act2019,국가 : 라이오넷,1-19,제 1막 설원의 애가,19장 왕가의 통로
58,20,0,20,24,,0,15,182,101,102,103,104,105,,act20,국가 : 라이오넷,1-20,제 1막 설원의 애가,20장 철혈의 왕좌
59,20,1,1020,34,,7,21,192,151,152,153,154,155,,act1020,국가 : 라이오넷,1-20,제 1막 설원의 애가,20장 철혈의 왕좌
60,20,2,2020,51,,40,40,182,101,102,103,104,105,,act2020,국가 : 라이오넷,1-20,제 1막 설원의 애가,20장 철혈의 왕좌
61,21,0,21,16,,10,16,207,201,204,205,,,,act21,국가 : 바르스,2-1,제 2막 형제를 위하여,1장 서부 국경지대
62,21,1,1021,26,,14,22,257,251,252,254,255,,,act1021,국가 : 바르스,2-1,제 2막 형제를 위하여,1장 서부 국경지대
63,21,2,2021,40,,40,40,207,201,202,203,204,205,206,act2021,국가 : 바르스,2-1,제 2막 형제를 위하여,1장 서부 국경지대
64,22,0,22,16,,10,16,208,201,202,204,205,207,,act22,국가 : 바르스,2-2,제 2막 형제를 위하여,2장 은빛 경비초소
65,22,1,1022,26,,14,22,258,251,252,254,255,256,,act1022,국가 : 바르스,2-2,제 2막 형제를 위하여,2장 은빛 경비초소
66,22,2,2022,40,,40,40,208,201,202,204,205,206,207,act2022,국가 : 바르스,2-2,제 2막 형제를 위하여,2장 은빛 경비초소
67,23,0,23,16,,10,16,204,201,202,205,206,207,208,act23,국가 : 바르스,2-3,제 2막 형제를 위하여,3장 은빛 장막의 감시탑
68,23,1,1023,26,,14,22,254,251,252,255,257,257,,act1023,국가 : 바르스,2-3,제 2막 형제를 위하여,3장 은빛 장막의 감시탑
69,23,2,2023,40,,40,40,204,201,202,203,205,206,207,act2023,국가 : 바르스,2-3,제 2막 형제를 위하여,3장 은빛 장막의 감시탑
70,24,0,24,16,,10,17,202,201,203,204,205,206,207,act24,국가 : 바르스,2-4,제 2막 형제를 위하여,4장 영원의 계곡
71,24,1,1024,26,,14,21,252,251,254,255,256,257,,act1024,국가 : 바르스,2-4,제 2막 형제를 위하여,4장 영원의 계곡
72,24,2,2024,40,,40,40,202,201,203,204,205,206,207,act2024,국가 : 바르스,2-4,제 2막 형제를 위하여,4장 영원의 계곡
73,25,0,25,23,,10,17,206,201,203,204,,,,act25,국가 : 바르스,2-5,제 2막 형제를 위하여,5장 은빛 골짜기
74,25,1,1025,33,,14,21,256,251,253,254,255,257,,act1025,국가 : 바르스,2-5,제 2막 형제를 위하여,5장 은빛 골짜기
75,25,2,2025,47,,40,40,206,201,203,204,205,207,,act2025,국가 : 바르스,2-5,제 2막 형제를 위하여,5장 은빛 골짜기
76,26,0,26,16,,10,17,203,201,202,204,205,206,207,act26,국가 : 바르스,2-6,제 2막 형제를 위하여,6장 속삭임 언덕
77,26,1,1026,26,,14,21,253,251,254,255,256,257,,act1026,국가 : 바르스,2-6,제 2막 형제를 위하여,6장 속삭임 언덕
78,26,2,2026,40,,40,40,203,201,202,204,205,206,207,act2026,국가 : 바르스,2-6,제 2막 형제를 위하여,6장 속삭임 언덕
79,27,0,27,16,,10,18,208,201,202,203,204,206,207,act27,국가 : 바르스,2-7,제 2막 형제를 위하여,7장 은빛 기사단 야영지
80,27,1,1027,26,,14,22,258,251,252,254,256,257,,act1027,국가 : 바르스,2-7,제 2막 형제를 위하여,7장 은빛 기사단 야영지
81,27,2,2027,40,,40,40,208,201,202,203,204,206,207,act2027,국가 : 바르스,2-7,제 2막 형제를 위하여,7장 은빛 기사단 야영지
82,28,0,28,16,,10,18,207,201,202,203,204,205,206,act28,국가 : 바르스,2-8,제 2막 형제를 위하여,8장 영원의 숲
83,28,1,1028,26,,14,22,257,251,252,254,255,258,,act1028,국가 : 바르스,2-8,제 2막 형제를 위하여,8장 영원의 숲
84,28,2,2028,40,,40,40,207,201,202,203,204,205,206,act2028,국가 : 바르스,2-8,제 2막 형제를 위하여,8장 영원의 숲
85,29,0,29,16,,10,18,202,201,203,204,205,206,207,act29,국가 : 바르스,2-9,제 2막 형제를 위하여,9장 바르의 눈물 언덕
86,29,1,1029,26,,14,22,252,253,254,255,256,257,,act1029,국가 : 바르스,2-9,제 2막 형제를 위하여,9장 바르의 눈물 언덕
87,29,2,2029,40,,40,40,202,201,203,204,205,206,207,act2029,국가 : 바르스,2-9,제 2막 형제를 위하여,9장 바르의 눈물 언덕
88,30,0,30,27,,10,19,281,201,204,205,206,,,act30,국가 : 바르스,2-10,제 2막 형제를 위하여,10장 바르 사원 입구
89,30,1,1030,37,,14,23,291,251,254,255,256,,,act1030,국가 : 바르스,2-10,제 2막 형제를 위하여,10장 바르 사원 입구
90,30,2,2030,51,,40,40,281,201,204,205,206,,,act2030,국가 : 바르스,2-10,제 2막 형제를 위하여,10장 바르 사원 입구
91,31,0,31,19,,10,19,204,201,202,203,205,206,207,act31,국가 : 바르스,2-11,제 2막 형제를 위하여,11장 은빛 통로
92,31,1,1031,29,,14,23,254,251,252,253,255,256,257,act1031,국가 : 바르스,2-11,제 2막 형제를 위하여,11장 은빛 통로
93,31,2,2031,40,,40,40,204,201,202,203,205,206,207,act2031,국가 : 바르스,2-11,제 2막 형제를 위하여,11장 은빛 통로
94,32,0,32,19,,10,19,203,201,202,204,205,206,207,act32,국가 : 바르스,2-12,제 2막 형제를 위하여,10장 접견실
95,32,1,1032,29,,14,23,253,251,254,255,256,257,,act1032,국가 : 바르스,2-12,제 2막 형제를 위하여,10장 접견실
96,32,2,2032,40,,40,40,203,201,202,204,205,206,207,act2032,국가 : 바르스,2-12,제 2막 형제를 위하여,10장 접견실
97,33,0,33,19,,10,20,206,201,202,203,204,207,208,act33,국가 : 바르스,2-13,제 2막 형제를 위하여,13장 은빛 사제단 숙소
98,33,1,1033,29,,14,24,256,252,253,254,257,258,,act1033,국가 : 바르스,2-13,제 2막 형제를 위하여,13장 은빛 사제단 숙소
99,33,2,2033,40,,40,40,206,201,202,203,204,207,208,act2033,국가 : 바르스,2-13,제 2막 형제를 위하여,13장 은빛 사제단 숙소
100,34,0,34,19,,10,20,207,201,202,203,204,205,206,act34,국가 : 바르스,2-14,제 2막 형제를 위하여,14장 은총의 길
101,34,1,1034,29,,14,24,257,251,253,254,255,256,,act1034,국가 : 바르스,2-14,제 2막 형제를 위하여,14장 은총의 길
102,34,2,2034,40,,40,40,207,201,202,203,204,205,206,act2034,국가 : 바르스,2-14,제 2막 형제를 위하여,14장 은총의 길
103,35,0,35,26,,10,20,189,201,202,204,206,207,,act35,국가 : 바르스,2-15,제 2막 형제를 위하여,15장 영원의 광장
104,35,1,1035,36,,14,24,189,251,252,254,255,257,,act1035,국가 : 바르스,2-15,제 2막 형제를 위하여,15장 영원의 광장
105,35,2,2035,47,,40,40,189,201,202,204,205,207,,act2035,국가 : 바르스,2-15,제 2막 형제를 위하여,15장 영원의 광장
106,36,0,36,19,,10,21,208,201,202,203,204,206,207,act36,국가 : 바르스,2-16,제 2막 형제를 위하여,16장 예배당
107,36,1,1036,29,,14,25,258,252,253,254,256,257,,act1036,국가 : 바르스,2-16,제 2막 형제를 위하여,16장 예배당
108,36,2,2036,40,,40,40,208,202,203,204,205,206,207,act2036,국가 : 바르스,2-16,제 2막 형제를 위하여,16장 예배당
109,37,0,37,19,,10,21,202,201,203,204,205,206,207,act37,국가 : 바르스,2-17,제 2막 형제를 위하여,17장 고행의 계단
110,37,1,1037,29,,14,25,252,253,254,255,256,257,,act1037,국가 : 바르스,2-17,제 2막 형제를 위하여,17장 고행의 계단
111,37,2,2037,40,,40,40,202,201,203,204,205,206,207,act2037,국가 : 바르스,2-17,제 2막 형제를 위하여,17장 고행의 계단
112,38,0,38,19,,10,21,206,201,202,203,204,205,207,act38,국가 : 바르스,2-18,제 2막 형제를 위하여,18장 고위 사제단 숙소
113,38,1,1038,29,,14,25,256,252,253,254,255,257,,act1038,국가 : 바르스,2-18,제 2막 형제를 위하여,18장 고위 사제단 숙소
114,38,2,2038,40,,40,40,206,201,202,203,204,205,207,act2038,국가 : 바르스,2-18,제 2막 형제를 위하여,18장 고위 사제단 숙소
115,39,0,39,19,,10,22,203,201,202,204,205,206,207,act39,국가 : 바르스,2-19,제 2막 형제를 위하여,19장 은빛 성소
116,39,1,1039,29,,14,26,253,252,254,255,256,257,,act1039,국가 : 바르스,2-19,제 2막 형제를 위하여,19장 은빛 성소
117,39,2,2039,40,,40,40,203,201,202,204,205,206,207,act2039,국가 : 바르스,2-19,제 2막 형제를 위하여,19장 은빛 성소
118,40,0,40,30,,10,22,282,201,202,203,204,205,206,act40,국가 : 바르스,2-20,제 2막 형제를 위하여,20장 바르의 제단
119,40,1,1040,40,,14,26,292,251,252,253,254,256,,act1040,국가 : 바르스,2-20,제 2막 형제를 위하여,20장 바르의 제단
120,40,2,2040,51,,40,40,282,201,202,203,204,206,,act2040,국가 : 바르스,2-20,제 2막 형제를 위하여,20장 바르의 제단
121,41,0,41,22,,16,22,308,301,302,304,305,306,307,act41,국가 : 메디가르,3-1,제 3막 얼음과 불의 노래,1장 외곽 경비지역
122,41,1,1041,32,,20,26,358,351,352,354,355,356,357,act1041,국가 : 메디가르,3-1,제 3막 얼음과 불의 노래,1장 외곽 경비지역
123,41,2,2041,40,,40,40,308,301,302,304,305,306,307,act2041,국가 : 메디가르,3-1,제 3막 얼음과 불의 노래,1장 외곽 경비지역
124,42,0,42,22,,16,23,304,301,302,305,306,307,308,act42,국가 : 메디가르,3-2,제 3막 얼음과 불의 노래,2장 가시덤불 초소
125,42,1,1042,32,,20,27,354,351,352,355,356,357,358,act1042,국가 : 메디가르,3-2,제 3막 얼음과 불의 노래,2장 가시덤불 초소
126,42,2,2042,40,,40,40,304,301,302,305,306,307,308,act2042,국가 : 메디가르,3-2,제 3막 얼음과 불의 노래,2장 가시덤불 초소
127,43,0,43,22,,16,23,302,301,304,305,306,307,308,act43,국가 : 메디가르,3-3,제 3막 얼음과 불의 노래,3장 보랏빛 감시탑
128,43,1,1043,32,,20,27,352,351,354,355,356,357,358,act1043,국가 : 메디가르,3-3,제 3막 얼음과 불의 노래,3장 보랏빛 감시탑
129,43,2,2043,40,,40,40,302,301,304,305,306,307,308,act2043,국가 : 메디가르,3-3,제 3막 얼음과 불의 노래,3장 보랏빛 감시탑
130,44,0,44,22,,16,23,307,301,302,304,305,306,308,act44,국가 : 메디가르,3-4,제 3막 얼음과 불의 노래,4장 가시덤불 협곡
131,44,1,1044,32,,20,27,357,351,352,354,355,356,358,act1044,국가 : 메디가르,3-4,제 3막 얼음과 불의 노래,4장 가시덤불 협곡
132,44,2,2044,40,,40,40,307,301,302,304,305,306,308,act2044,국가 : 메디가르,3-4,제 3막 얼음과 불의 노래,4장 가시덤불 협곡
133,45,0,45,29,,16,24,304,301,302,305,306,307,,act45,국가 : 메디가르,3-5,제 3막 얼음과 불의 노래,5장 마력 불길 야영지
134,45,1,1045,39,,20,28,354,351,352,355,356,357,,act1045,국가 : 메디가르,3-5,제 3막 얼음과 불의 노래,5장 마력 불길 야영지
135,45,2,2045,47,,40,40,304,301,302,305,306,307,,act2045,국가 : 메디가르,3-5,제 3막 얼음과 불의 노래,5장 마력 불길 야영지
136,46,0,46,22,,16,24,308,301,302,304,305,306,307,act46,국가 : 메디가르,3-6,제 3막 얼음과 불의 노래,6장 마력의 숨결
137,46,1,1046,32,,20,28,358,351,352,354,355,356,357,act1046,국가 : 메디가르,3-6,제 3막 얼음과 불의 노래,6장 마력의 숨결
138,46,2,2046,40,,40,40,308,301,302,304,305,306,307,act2046,국가 : 메디가르,3-6,제 3막 얼음과 불의 노래,6장 마력의 숨결
139,47,0,47,22,,16,24,302,301,304,305,306,307,308,act47,국가 : 메디가르,3-7,제 3막 얼음과 불의 노래,7장 덩쿨손 요새
140,47,1,1047,32,,20,28,352,351,354,355,356,357,358,act1047,국가 : 메디가르,3-7,제 3막 얼음과 불의 노래,7장 덩쿨손 요새
141,47,2,2047,40,,40,40,302,301,304,305,306,307,308,act2047,국가 : 메디가르,3-7,제 3막 얼음과 불의 노래,7장 덩쿨손 요새
142,48,0,48,22,,16,25,304,301,302,305,306,307,308,act48,국가 : 메디가르,3-8,제 3막 얼음과 불의 노래,8장 가시덤불 전망대
143,48,1,1048,32,,20,29,354,351,352,355,356,357,358,act1048,국가 : 메디가르,3-8,제 3막 얼음과 불의 노래,8장 가시덤불 전망대
144,48,2,2048,40,,40,40,304,301,302,305,306,307,308,act2048,국가 : 메디가르,3-8,제 3막 얼음과 불의 노래,8장 가시덤불 전망대
145,49,0,49,22,,16,25,307,301,302,304,305,306,308,act49,국가 : 메디가르,3-9,제 3막 얼음과 불의 노래,9장 마력 불길 거점
146,49,1,1049,32,,20,29,357,351,352,354,355,356,358,act1049,국가 : 메디가르,3-9,제 3막 얼음과 불의 노래,9장 마력 불길 거점
147,49,2,2049,40,,40,40,307,301,302,304,305,306,308,act2049,국가 : 메디가르,3-9,제 3막 얼음과 불의 노래,9장 마력 불길 거점
148,50,0,50,33,,16,25,381,301,302,304,305,306,307,act50,국가 : 메디가르,3-10,제 3막 얼음과 불의 노래,10장 마법의 탑 화르르
149,50,1,1050,43,,20,29,391,351,352,355,356,357,,act1050,국가 : 메디가르,3-10,제 3막 얼음과 불의 노래,10장 마법의 탑 화르르
150,50,2,2050,51,,40,40,381,301,302,304,305,306,307,act2050,국가 : 메디가르,3-10,제 3막 얼음과 불의 노래,10장 마법의 탑 화르르
151,51,0,51,25,,16,26,306,301,302,304,305,307,308,act51,국가 : 메디가르,3-11,제 3막 얼음과 불의 노래,11장 화르르의 탑 지하 2층
152,51,1,1051,35,,20,30,356,351,352,354,355,357,358,act1051,국가 : 메디가르,3-11,제 3막 얼음과 불의 노래,11장 화르르의 탑 지하 2층
153,51,2,2051,40,,40,40,306,301,302,304,305,307,308,act2051,국가 : 메디가르,3-11,제 3막 얼음과 불의 노래,11장 화르르의 탑 지하 2층
154,52,0,52,25,,16,26,308,301,302,304,305,306,307,act52,국가 : 메디가르,3-12,제 3막 얼음과 불의 노래,10장 화르르의 탑 지하 1층
155,52,1,1052,35,,20,30,358,351,352,354,355,356,357,act1052,국가 : 메디가르,3-12,제 3막 얼음과 불의 노래,10장 화르르의 탑 지하 1층
156,52,2,2052,40,,40,40,308,301,302,304,305,306,307,act2052,국가 : 메디가르,3-12,제 3막 얼음과 불의 노래,10장 화르르의 탑 지하 1층
157,53,0,53,25,,16,26,305,301,302,304,306,307,308,act53,국가 : 메디가르,3-13,제 3막 얼음과 불의 노래,13장 화르르의 탑 1층
158,53,1,1053,35,,20,30,355,351,352,354,356,357,358,act1053,국가 : 메디가르,3-13,제 3막 얼음과 불의 노래,13장 화르르의 탑 1층
159,53,2,2053,40,,40,40,305,301,302,304,306,307,308,act2053,국가 : 메디가르,3-13,제 3막 얼음과 불의 노래,13장 화르르의 탑 1층
160,54,0,54,25,,16,27,307,301,302,304,305,306,308,act54,국가 : 메디가르,3-14,제 3막 얼음과 불의 노래,14장 화르르의 탑 2층
161,54,1,1054,35,,20,31,357,351,352,354,355,356,358,act1054,국가 : 메디가르,3-14,제 3막 얼음과 불의 노래,14장 화르르의 탑 2층
162,54,2,2054,40,,40,40,307,301,302,304,305,306,308,act2054,국가 : 메디가르,3-14,제 3막 얼음과 불의 노래,14장 화르르의 탑 2층
163,55,0,55,32,,16,27,409,302,304,305,306,307,308,act55,국가 : 메디가르,3-15,제 3막 얼음과 불의 노래,15장 화르르의 탑 3층
164,55,1,1055,42,,20,31,459,351,352,354,355,357,358,act1055,국가 : 메디가르,3-15,제 3막 얼음과 불의 노래,15장 화르르의 탑 3층
165,55,2,2055,47,,40,40,409,301,302,304,305,307,308,act2055,국가 : 메디가르,3-15,제 3막 얼음과 불의 노래,15장 화르르의 탑 3층
166,56,0,56,25,,16,27,306,301,302,304,305,307,308,act56,국가 : 메디가르,3-16,제 3막 얼음과 불의 노래,16장 화르르의 탑 4층
167,56,1,1056,35,,20,31,356,351,352,354,355,357,358,act1056,국가 : 메디가르,3-16,제 3막 얼음과 불의 노래,16장 화르르의 탑 4층
168,56,2,2056,40,,40,40,306,301,302,304,305,307,308,act2056,국가 : 메디가르,3-16,제 3막 얼음과 불의 노래,16장 화르르의 탑 4층
169,57,0,57,25,,16,28,302,301,304,305,306,307,308,act57,국가 : 메디가르,3-17,제 3막 얼음과 불의 노래,17장 화르르의 탑 5층
170,57,1,1057,35,,20,32,352,351,354,355,356,357,358,act1057,국가 : 메디가르,3-17,제 3막 얼음과 불의 노래,17장 화르르의 탑 5층
171,57,2,2057,40,,40,40,302,301,304,305,306,307,308,act2057,국가 : 메디가르,3-17,제 3막 얼음과 불의 노래,17장 화르르의 탑 5층
172,58,0,58,25,,16,28,308,301,302,304,305,306,307,act58,국가 : 메디가르,3-18,제 3막 얼음과 불의 노래,18장 화르르의 탑 6층
173,58,1,1058,35,,20,32,358,351,352,354,355,356,357,act1058,국가 : 메디가르,3-18,제 3막 얼음과 불의 노래,18장 화르르의 탑 6층
174,58,2,2058,40,,40,40,308,302,304,305,306,307,,act2058,국가 : 메디가르,3-18,제 3막 얼음과 불의 노래,18장 화르르의 탑 6층
175,59,0,59,25,,16,28,307,301,302,304,305,306,308,act59,국가 : 메디가르,3-19,제 3막 얼음과 불의 노래,19장 화르르의 탑 7층
176,59,1,1059,35,,20,32,357,351,352,354,355,356,358,act1059,국가 : 메디가르,3-19,제 3막 얼음과 불의 노래,19장 화르르의 탑 7층
177,59,2,2059,40,,40,40,307,302,304,305,306,308,,act2059,국가 : 메디가르,3-19,제 3막 얼음과 불의 노래,19장 화르르의 탑 7층
178,60,0,60,36,,16,29,382,301,302,304,305,306,,act60,국가 : 메디가르,3-20,제 3막 얼음과 불의 노래,20장 화르르의 탑 최상층
179,60,1,1060,46,,20,33,392,351,352,354,355,356,,act1060,국가 : 메디가르,3-20,제 3막 얼음과 불의 노래,20장 화르르의 탑 최상층
180,60,2,2060,51,,40,40,382,301,302,304,305,306,,act2060,국가 : 메디가르,3-20,제 3막 얼음과 불의 노래,20장 화르르의 탑 최상층
181,61,0,61,28,,20,29,409,401,403,404,405,406,408,act61,국가 : 프레스터,4-1,제 4막 아~아.. 공주님..,1장 발톱 산맥 진입로
182,61,1,1061,38,,24,33,459,451,453,454,455,456,,act1061,국가 : 프레스터,4-1,제 4막 아~아.. 공주님..,1장 발톱 산맥 진입로
183,61,2,2061,40,,40,40,409,401,403,404,405,406,,act2061,국가 : 프레스터,4-1,제 4막 아~아.. 공주님..,1장 발톱 산맥 진입로
184,62,0,62,28,,20,29,403,401,404,405,406,408,409,act62,국가 : 프레스터,4-2,제 4막 아~아.. 공주님..,2장 믿음의 계곡
185,62,1,1062,38,,24,33,453,451,454,455,456,458,459,act1062,국가 : 프레스터,4-2,제 4막 아~아.. 공주님..,2장 믿음의 계곡
186,62,2,2062,40,,40,40,403,401,404,405,406,408,409,act2062,국가 : 프레스터,4-2,제 4막 아~아.. 공주님..,2장 믿음의 계곡
187,63,0,63,28,,20,30,406,401,403,404,405,408,409,act63,국가 : 프레스터,4-3,제 4막 아~아.. 공주님..,3장 빛의 감시탑
188,63,1,1063,38,,24,34,456,451,453,454,455,458,459,act1063,국가 : 프레스터,4-3,제 4막 아~아.. 공주님..,3장 빛의 감시탑
189,63,2,2063,40,,40,40,406,401,403,404,405,408,409,act2063,국가 : 프레스터,4-3,제 4막 아~아.. 공주님..,3장 빛의 감시탑
190,64,0,64,28,,20,30,405,401,403,404,406,408,409,act64,국가 : 프레스터,4-4,제 4막 아~아.. 공주님..,4장 맹신의 언덕
191,64,1,1064,38,,24,34,455,451,453,454,456,458,459,act1064,국가 : 프레스터,4-4,제 4막 아~아.. 공주님..,4장 맹신의 언덕
192,64,2,2064,40,,40,40,405,401,403,404,406,408,409,act2064,국가 : 프레스터,4-4,제 4막 아~아.. 공주님..,4장 맹신의 언덕
193,65,0,65,35,,20,30,406,401,403,404,409,,,act65,국가 : 프레스터,4-5,제 4막 아~아.. 공주님..,5장 영광의 길
194,65,1,1065,45,,24,34,456,451,453,454,455,459,,act1065,국가 : 프레스터,4-5,제 4막 아~아.. 공주님..,5장 영광의 길
195,65,2,2065,47,,40,40,406,401,403,404,405,409,,act2065,국가 : 프레스터,4-5,제 4막 아~아.. 공주님..,5장 영광의 길
196,66,0,66,28,,20,31,403,401,404,405,406,408,409,act66,국가 : 프레스터,4-6,제 4막 아~아.. 공주님..,6장 메마른 벌판
197,66,1,1066,38,,24,35,453,451,454,455,456,458,459,act1066,국가 : 프레스터,4-6,제 4막 아~아.. 공주님..,6장 메마른 벌판
198,66,2,2066,40,,40,40,403,401,404,405,406,408,409,act2066,국가 : 프레스터,4-6,제 4막 아~아.. 공주님..,6장 메마른 벌판
199,67,0,67,28,,20,31,404,401,403,405,406,408,409,act67,국가 : 프레스터,4-7,제 4막 아~아.. 공주님..,7장 발톱 바위 거점
200,67,1,1067,38,,24,35,454,451,454,455,456,458,459,act1067,국가 : 프레스터,4-7,제 4막 아~아.. 공주님..,7장 발톱 바위 거점
201,67,2,2067,40,,40,40,404,401,404,405,406,408,409,act2067,국가 : 프레스터,4-7,제 4막 아~아.. 공주님..,7장 발톱 바위 거점
202,68,0,68,28,,20,31,409,401,403,404,405,406,408,act68,국가 : 프레스터,4-8,제 4막 아~아.. 공주님..,8장 금빛 망치 골짜기
203,68,1,1068,38,,24,35,459,451,453,454,455,456,458,act1068,국가 : 프레스터,4-8,제 4막 아~아.. 공주님..,8장 금빛 망치 골짜기
204,68,2,2068,40,,40,40,409,401,403,404,405,406,408,act2068,국가 : 프레스터,4-8,제 4막 아~아.. 공주님..,8장 금빛 망치 골짜기
205,69,0,69,28,,20,32,403,401,404,405,406,408,409,act69,국가 : 프레스터,4-9,제 4막 아~아.. 공주님..,9장 칼바람 협곡
206,69,1,1069,38,,24,36,453,451,454,455,456,458,459,act1069,국가 : 프레스터,4-9,제 4막 아~아.. 공주님..,9장 칼바람 협곡
207,69,2,2069,40,,40,40,403,401,404,405,406,408,409,act2069,국가 : 프레스터,4-9,제 4막 아~아.. 공주님..,9장 칼바람 협곡
208,70,0,70,39,,20,32,481,401,403,404,405,406,409,act70,국가 : 프레스터,4-10,제 4막 아~아.. 공주님..,10장 금빛 망치 관문
209,70,1,1070,49,,24,36,491,451,453,454,455,459,,act1070,국가 : 프레스터,4-10,제 4막 아~아.. 공주님..,10장 금빛 망치 관문
210,70,2,2070,51,,40,40,481,401,403,404,405,409,,act2070,국가 : 프레스터,4-10,제 4막 아~아.. 공주님..,10장 금빛 망치 관문
211,71,0,71,31,,20,32,408,401,403,404,405,406,409,act71,국가 : 프레스터,4-11,제 4막 아~아.. 공주님..,11장 바르티온 성 내부
212,71,1,1071,41,,24,36,458,451,453,454,455,456,459,act1071,국가 : 프레스터,4-11,제 4막 아~아.. 공주님..,11장 바르티온 성 내부
213,71,2,2071,40,,40,40,408,401,403,404,405,406,409,act2071,국가 : 프레스터,4-11,제 4막 아~아.. 공주님..,11장 바르티온 성 내부
214,72,0,72,31,,20,33,404,401,403,405,406,408,409,act72,국가 : 프레스터,4-12,제 4막 아~아.. 공주님..,10장 빛의 통로
215,72,1,1072,41,,24,37,454,451,454,455,456,458,459,act1072,국가 : 프레스터,4-12,제 4막 아~아.. 공주님..,10장 빛의 통로
216,72,2,2072,40,,40,40,404,401,404,405,406,408,409,act2072,국가 : 프레스터,4-12,제 4막 아~아.. 공주님..,10장 빛의 통로
217,73,0,73,31,,20,33,409,401,403,404,405,406,408,act73,국가 : 프레스터,4-13,제 4막 아~아.. 공주님..,13장 빛의 성소
218,73,1,1073,41,,24,37,459,451,453,454,455,456,458,act1073,국가 : 프레스터,4-13,제 4막 아~아.. 공주님..,13장 빛의 성소
219,73,2,2073,40,,40,40,409,401,403,404,405,406,408,act2073,국가 : 프레스터,4-13,제 4막 아~아.. 공주님..,13장 빛의 성소
220,74,0,74,31,,20,33,406,401,403,404,405,408,409,act74,국가 : 프레스터,4-14,제 4막 아~아.. 공주님..,14장 왕의 계단
221,74,1,1074,41,,24,37,456,451,453,454,455,458,459,act1074,국가 : 프레스터,4-14,제 4막 아~아.. 공주님..,14장 왕의 계단
222,74,2,2074,40,,40,40,406,401,403,404,405,408,409,act2074,국가 : 프레스터,4-14,제 4막 아~아.. 공주님..,14장 왕의 계단
223,75,0,75,38,,20,34,189,401,404,405,406,409,,act75,국가 : 프레스터,4-15,제 4막 아~아.. 공주님..,15장 노예 수용소
224,75,1,1075,48,,24,38,189,451,454,455,456,459,,act1075,국가 : 프레스터,4-15,제 4막 아~아.. 공주님..,15장 노예 수용소
225,75,2,2075,47,,40,40,189,401,404,405,406,409,,act2075,국가 : 프레스터,4-15,제 4막 아~아.. 공주님..,15장 노예 수용소
226,76,0,76,31,,20,34,403,401,404,405,406,408,409,act76,국가 : 프레스터,4-16,제 4막 아~아.. 공주님..,16장 영광의 정원
227,76,1,1076,41,,24,38,453,451,454,455,456,458,459,act1076,국가 : 프레스터,4-16,제 4막 아~아.. 공주님..,16장 영광의 정원
228,76,2,2076,40,,40,40,403,401,404,405,406,408,409,act2076,국가 : 프레스터,4-16,제 4막 아~아.. 공주님..,16장 영광의 정원
229,77,0,77,31,,20,34,408,403,404,405,406,409,,act77,국가 : 프레스터,4-17,제 4막 아~아.. 공주님..,17장 성기사단 숙소
230,77,1,1077,41,,24,38,458,451,453,454,455,456,459,act1077,국가 : 프레스터,4-17,제 4막 아~아.. 공주님..,17장 성기사단 숙소
231,77,2,2077,40,,40,40,408,403,404,405,406,409,,act2077,국가 : 프레스터,4-17,제 4막 아~아.. 공주님..,17장 성기사단 숙소
232,78,0,78,31,,20,35,404,403,405,406,408,409,,act78,국가 : 프레스터,4-18,제 4막 아~아.. 공주님..,18장 믿음의 광장
233,78,1,1078,41,,24,39,454,451,454,455,456,458,459,act1078,국가 : 프레스터,4-18,제 4막 아~아.. 공주님..,18장 믿음의 광장
234,78,2,2078,40,,40,40,404,404,405,406,408,409,,act2078,국가 : 프레스터,4-18,제 4막 아~아.. 공주님..,18장 믿음의 광장
235,79,0,79,31,,20,35,409,403,404,405,406,408,,act79,국가 : 프레스터,4-19,제 4막 아~아.. 공주님..,19장 왕의 계단
236,79,1,1079,41,,24,39,459,451,453,454,455,456,458,act1079,국가 : 프레스터,4-19,제 4막 아~아.. 공주님..,19장 왕의 계단
237,79,2,2079,40,,40,40,409,403,404,405,406,408,,act2079,국가 : 프레스터,4-19,제 4막 아~아.. 공주님..,19장 왕의 계단
238,80,0,80,42,,20,35,482,401,403,404,405,406,409,act80,국가 : 프레스터,4-20,제 4막 아~아.. 공주님..,20장 제왕의 왕좌
239,80,1,1080,52,,24,39,492,451,453,454,455,456,459,act1080,국가 : 프레스터,4-20,제 4막 아~아.. 공주님..,20장 제왕의 왕좌
240,80,2,2080,51,,40,40,482,401,403,404,405,406,409,act2080,국가 : 프레스터,4-20,제 4막 아~아.. 공주님..,20장 제왕의 왕좌
241,197,,197,5,,,,,,,,,,,,튜토리얼 모드,,서막 녹아내리는 얼음,불타는 마을
242,198,,198,10,,,,,,,,,,,,보스 레이드 - 부족 수호자,,끝나지 않은 악몽,반성 할 줄도 모르는 것들
243,199,,199,50,,,,,,,,,,,,디펜스 모드 - 과거의 회상,,과거의 회상,회상의 장 - 잊을 수 없는 그날
244,200,,200,,1,,,,,,,,,,,투기장 모드 - 용사의 전당,,용사의 전당,힘의 제단
245,201,0,201,25,,7,15,911,901,,,,,,WeeklyDungeon201,골다제크 - 붉은바다 해적단,골드던전,골다제크 해안가,골드 던전 - 해적 소굴
246,201,1,1201,25,,20,30,911,901,,,,,,WeeklyDungeon1201,골다제크 - 붉은바다 해적단,골드던전,골다제크 해안가,골드 던전 - 해적 소굴
247,201,2,2201,25,,40,40,911,901,,,,,,WeeklyDungeon2201,골다제크 - 붉은바다 해적단,골드던전,골다제크 해안가,골드 던전 - 해적 소굴
248,202,0,202,25,,7,15,912,902,,,,,,WeeklyDungeon202,카푸란카 - 검은파도 해적단,재료던전,카푸란카 해안가,재료 던전 - 해적 소굴
249,202,1,1202,25,,20,30,912,902,,,,,,WeeklyDungeon1202,카푸란카 - 검은파도 해적단,재료던전,카푸란카 해안가,재료 던전 - 해적 소굴
250,202,2,2202,25,,40,40,912,902,,,,,,WeeklyDungeon2202,카푸란카 - 검은파도 해적단,재료던전,카푸란카 해안가,재료 던전 - 해적 소굴
